x1,x2,label
-0.5719236946641759,-1.1980287551412876,1
0.20653142710779823,-0.014439139594678187,4
-0.885103773791486,1.07001446500942,3
-0.8823917137883796,-0.9221382321114611,1
-0.8879511788941719,-0.5759546067929598,1
1.15351984258652,1.2305516678916317,0
-1.0369093536287093,1.2829529892071132,3
1.016629305595792,1.0756179744349454,0
1.4707876742640635,0.6630602347143884,0
-0.8758462003790372,1.2530332974555773,3
0.8799377412512687,-0.7659731124725756,2
0.8677825366109712,-0.9565720367532441,2
0.8151092509021717,1.385753648851684,0
-0.04589769086763855,0.08129967867176632,4
-0.7578139017222136,0.81741072611051,3
1.0244312419287138,1.1457384199383234,0
1.1563078627567969,0.599485586098313,0
-0.17275495329384213,-0.5513763387549555,4
0.06115259033236799,-0.19498081223125074,4
1.082633185808729,-1.0363186143011922,2
-0.8470182018172105,-1.3353741813957607,1
0.9088266139020786,1.039175963818091,0
0.9741952870516105,1.102649625484593,0
0.40895654571470497,1.0050835454263107,0
-0.9310998315039859,-0.6412376533027113,1
-1.047112270532517,0.7060412530154427,3
0.5578653873307423,1.0888704481859424,0
-0.724124058317906,0.8561860012984706,3
-0.08580876361377582,0.01769351897516284,4
-1.2333290600567306,0.9913812384779004,3
1.2671273498290023,0.8866535490371531,0
-0.011149848181393357,0.06503322623469192,4
-0.33013133670700806,0.12477106891794164,4
1.0097271764640539,-0.8433589373136599,2
-1.2865001066268609,-0.9882334763353766,1
-1.4078048769133833,0.9246319212845767,3
-0.8897417731817121,-0.955301783566705,1
1.0568364875358702,-0.5964376131799431,2
-0.23015659325421733,0.23048370105614438,4
1.0710699177018037,1.4356671951639077,0
-1.0517361776393228,-1.1695238651965618,1
1.1474699551836298,0.9090352975073025,0
-1.1644815231341987,-0.7577793403592373,1
-1.069205748693472,-0.7190236735963902,1
1.1927092401012342,-0.9392079461493771,2
0.7207626115633191,-1.008824184900729,2
0.7780535630924719,0.5048008829440183,0
-1.1119787096038851,0.9503212345823003,3
-0.9462586023434766,-0.9756951919992705,1
-1.025424318638718,-0.9951801538717306,1
0.8269875380539022,1.3840942635614495,0
-0.6687464867782962,-0.9486668590555101,1
-0.22686649535507442,-0.04810105194897669,4
-0.08318969114380594,-0.051001968119125725,4
-0.99172756221531,-1.2135403152035886,1
0.9928677825413958,-1.08118256627074,2
-0.9429866687189832,-0.9496300133238917,1
-0.7470393917514527,-1.1644877611902922,1
-0.9369323048469687,1.5714002953820168,3
-1.112041340670177,-1.162334481932597,1
0.10827968236223333,-0.05254720344919058,4
0.03468631282254483,-0.3185798419336042,4
0.12404485307209512,0.14423897334966346,4
0.29944930040207174,-1.2971061053957549,2
-0.6683845894085767,-1.241151606051566,1
0.09654159427459229,0.025216765814327947,4
0.590394093564552,-1.444097154086644,2
0.8280405972428294,0.6964806492264699,0
-0.12592735934205915,-0.14675407212628713,4
-0.9401043100359021,-1.0924502915759509,1
-1.1047704982019555,1.0992765591124447,3
-0.9081137759944328,-0.952422110601515,1
0.8999127962466441,-1.3680807321166224,2
-0.9129576911895478,-0.8341854775802064,1
1.204465457796249,-0.9404499519944903,2
0.9183597555801981,-1.0020524705674034,2
0.6383555274910264,-1.3956714104506973,2
1.1822726405443842,1.0322457276893526,0
0.8000215942148339,-1.0550189449550889,2
-0.937250470997919,-0.7363105187049293,1
0.2861383838211395,-0.004691763884973231,4
-0.8374895067373076,0.908957547771061,3
-1.1187937764573122,1.3182384372299776,3
-0.7938606951089409,-0.8672054083660762,1
0.8526927533724625,-1.1121162515510148,2
-0.9088796876898736,-0.6321695109644154,1
-0.8731902622225962,-1.0290574250967872,1
1.2459090489472948,-1.0214037385576242,2
-1.0803147342645023,0.8778584448113436,3
0.9145804756010298,-0.9939272714655549,2
1.2401393061143071,-0.9435398803493275,2
0.6370236176420632,-0.9044493030536767,2
0.2555525886464561,-0.10435736408549705,4
-0.7966369387214732,1.1183226487287,3
-0.9897294434640301,1.1483664799008098,3
-0.28599517489968507,-0.1798934639794877,4
-1.0926760008051133,-1.2364039488890728,1
0.7572238573888789,1.0787043011289559,0
-0.781672040982397,1.2999340441037595,3
-1.4004590122431342,-1.22179523546126,1
1.1065646826945252,1.1692270087575614,0
-0.971213031714977,-1.0947868907199807,1
-1.039005972749322,-0.7377267030199974,1
-1.4132009105632108,1.2664817046792223,3
-0.04340205892984544,0.2245601556009039,4
0.7759075693619549,-1.490683002285188,2
1.1728846877675467,1.1736872859140015,0
0.9879138440550451,-1.1520253142379224,2
1.038667208411583,-0.7396079027953546,2
0.9660125748304198,1.2842228406506737,0
-0.2187886872284791,-0.14838007933688147,4
0.8503365157692535,0.7210257535099014,0
0.19847009057709503,-0.17480381977174358,4
-0.5878739974329552,-1.387503547339537,1
-0.8082523873601122,0.7434981870935545,3
-0.9322074538406723,-1.2003742213485937,1
0.5934195155432924,-1.0337056127735884,2
0.6292791606064894,-1.3273530365827535,2
0.9910643166129566,-0.915996064334502,2
0.038044243897066586,-0.09353158006607647,4
-1.0912638041365643,-1.447831887010296,1
-1.2581607754730324,-1.1091870843645018,1
1.1165948935954948,-1.0235981266027963,2
0.9451147429171967,0.7289908448320164,0
1.0997615864100325,0.30685181089333746,0
-0.36760043378452034,0.2526068882813772,4
1.2316395752417741,-0.8604795298453336,2
-1.2186656304972112,0.8288996109648934,3
-0.6220901625289204,1.4266170618152472,3
1.192947637803417,1.2058760384909328,0
-0.38573036178857256,-0.10044093553162516,4
1.1143274116802029,-0.7594145637964137,2
0.8992057632567051,1.3056112675956069,0
1.1664917865173845,-1.6336386155210576,2
-0.9310833626648064,0.8229037369154732,3
-0.12633518047447123,-0.5045704670885541,4
-0.7206791335779524,0.6090238412900584,3
0.7516596561442161,-0.4894819625432615,2
1.2600215612634258,-0.9588390476184006,2
-0.8745500615480902,0.9859751316647742,3
0.5796954461263917,0.7777571604761375,0
-0.01746412456404606,0.06252847672078139,4
-1.027622351266482,-1.4151749529673159,1
0.7356315880496175,-1.138996257969742,2
1.0520687445192152,1.2441597591209281,0
1.0481822491249317,-0.8258903316521402,2
-1.0703938577000256,0.8526533245053577,3
1.241692002791615,-0.8729830226521306,2
-0.25547833110673207,-0.2876094424546274,4
-0.5785519243351741,0.587988448408455,3
-0.22100368243702154,0.30853600894501537,4
1.0047305259705488,-1.020508538286371,2
-0.9974126713584252,-0.8199915601645869,1
0.66301864434272,0.8096066529358603,0
1.135652695874699,-0.8210152766407521,2
-1.4560641639844576,-0.9240990238844996,1
1.1151985819253138,-1.1002465394741003,2
1.2142076529756727,0.8372436016749633,0
0.610500367954151,-1.1267586924413344,2
-0.10246363460995488,-0.11333435803462923,4
-1.341189557520608,0.9945325228027301,3
0.9887216740766663,-0.9802195690176162,2
-0.22216132077290918,-0.033952460660921634,4
0.3624618813403047,-0.22036176661711596,4
1.252149321715026,-0.868100654306421,2
-1.383230263357532,0.5720074589764447,3
-1.361235049768343,-1.302635748530838,1
-0.6712155835697569,0.919135631879144,3
-1.0260858728736733,-1.2470004856234336,1
0.6043763805045603,-0.4390995263543399,2
0.4935249870604749,0.11945214065411736,4
-0.7598266503848351,-0.6677342883650794,1
-0.6450340069508911,0.7587233479838957,3
-0.6946537601352004,-1.0482104571359911,1
0.7967134294888865,0.5684293494170808,0
1.1005854102943873,0.8287974772649217,0
1.3831948035896144,1.3673396924750714,0
-1.2537064769336101,-1.1505829633957156,1
-0.08562304756261073,-0.24985750414038013,4
0.7823007127045296,0.8552875838088961,0
-0.8479608930998397,-0.7212594192631494,1
-1.0892178820063996,1.136414330867507,3
1.0251453021822408,-0.8652096814714508,2
1.048303388308424,-0.6756644777267773,2
-0.0720328631816816,0.17794631702426103,4
0.922278457075382,1.0243500415671958,0
-1.1061658256082165,-1.2074911493844904,1
-0.8677386904163921,-0.8943428445727936,1
-1.0266631684150562,0.8766964032223755,3
-1.1043693374712584,-1.2743741636925612,1
-0.8507733796880115,-1.246821673364413,1
0.9704589887178575,0.8299554490007874,0
1.2357615218306295,0.3150807082026109,0
0.028916268511586643,-0.1368388935746666,4
1.1157825823296519,1.0697739410981133,0
1.183106002438719,-1.0938056001901681,2
1.0360108927902194,1.3635683767407438,0
-0.7296559913854526,-1.157843997112347,1
0.30571936176335246,-0.5216275072137969,4
1.3720630484488998,1.4739722940076458,0
-0.9060181435581299,0.7716013725057232,3
-0.6445061101768839,1.1140908408701964,3
0.9591862627917053,-1.0216138206777619,2
-1.05561925256073,-1.214729976951918,1
-1.0420535556917685,-0.9055224745653813,1
1.19331324435065,0.7040298399516706,0
0.30566021364314166,-0.7120665063048002,2
0.8754918873269237,1.4823830134542464,0
0.8965952548100632,0.8131362971398106,0
0.14036247738778168,-0.31489904219993037,4
0.03832211728310597,0.1735321770344716,4
-0.876588978118784,1.1217538314950948,3
-0.13406753602169627,0.3024593055460244,4
-0.09836228029641582,0.0006793849726702227,4
0.17616068018747275,0.038897683742224375,4
-0.195069967097516,0.36350893720979177,4
-0.5690759310831845,1.1782540574277345,3
0.7717944436389603,1.2792540720239631,0
-0.9541652001855997,-0.5822642418027857,1
-0.8239722444646045,-1.3739198790642542,1
-0.938444309680892,0.7705039234988461,3
-0.941294618512817,-0.4669616473573891,1
0.6548923119231826,-1.1339786404165404,2
-0.9431518062197178,-1.2541846621524422,1
-0.07568650422606331,0.24741986048397258,4
0.8742958248393654,1.6031134198859371,0
-1.0697454013257577,1.1324584458687394,3
-1.5010539288747289,-0.9057808697872768,1
-1.2869027362107839,-1.0895285188699642,1
-0.22435237590783424,0.33405877270315526,4
-0.9945356604450322,1.0106347685074477,3
1.3411329620256178,0.8276377038625156,0
-0.19605534563359597,0.18282340521009213,4
0.5924504132584889,1.1156955638814436,0
1.491690992983685,-1.0490584912358856,2
-1.212268218173415,1.407375010808082,3
0.33224018688830587,0.054475846780417246,4
0.8912116120695907,1.4623159321198353,0
-1.412304243604283,1.349640523031384,3
0.16790414300897744,-0.24354185876074752,4
-0.3114145332163992,-0.2927975838585351,4
-0.08275265085043647,0.11257220766183605,4
-1.05606473356291,-1.0755624326137676,1
-0.7536706227650333,-0.8082700825847002,1
-0.42847884738757236,0.10127006829612135,4
0.6800777066989401,0.8536421989305568,0
1.41203373305189,1.0410569388718336,0
-1.2331852276985944,-1.315767087275569,1
-1.1491677138845775,1.1417645531300455,3
-0.9974536203219816,1.5495740846676231,3
-1.1905286279806244,-1.221945034158984,1
1.2198474854783425,-0.8411438683615011,2
-0.8983961265809485,-1.04829417538746,1
-0.9517840111124035,-1.289254320203967,1
0.4923288830546264,1.5161232153398299,0
1.236812991943437,0.9612474767272915,0
-1.001481851458308,1.341515017100833,3
-1.0967177117126616,-1.1275731849084072,1
-1.03265509899878,1.3501722586107503,3
-0.9781171322695823,-0.7653132810794225,1
0.16739058512727065,0.2511047980654062,4
1.1035228384483988,-1.1268086154737307,2
1.0972734922164302,-0.7072397338448779,2
-1.1239488736363024,1.304144428435735,3
0.09725053516336979,-0.08486358036619478,4
0.3231615052531172,0.37872057347325144,4
-0.35058263322132077,-0.07676712171035913,4
-0.9502526263987031,1.4971829796488478,3
-0.13123485572849974,0.06860424882050216,4
-1.090399820195405,-0.7338537159680371,1
1.3240374668819708,-0.8458851718434612,2
-1.0039448042802488,0.8770674729966181,3
-0.6689103125010403,-1.0430501981742206,1
-0.23503914796810169,-0.09913093475407944,4
1.1076927837364103,-1.0374728979332848,2
0.31300049568825783,-0.2861731578106494,4
1.1016642718667202,-0.6995755360831234,2
0.1572498968642054,0.07850846091178638,4
-1.5447328800487274,0.8425873932649547,3
0.6443012728434143,-0.5194188111389004,2
-0.5096932526587461,0.981940310332083,3
0.4642755674389649,0.10366856665230523,4
0.7087125398041609,1.2252066217385469,0
-0.9313381990968889,0.8490948909952274,3
-0.6523665082315155,0.5896628477942427,3
-1.2442238466838313,0.852605019363696,3
-0.571487132557317,0.8080128520657962,3
1.2126326708808595,-1.2097810476498183,2
-1.4864257707909898,-1.228195873533823,1
1.1506769141073323,-1.1486624424301013,2
0.16734811784813536,0.18465175724820518,4
-0.5921006431169321,-0.9055602075673206,1
-0.6472069840275971,-0.8035490432922069,1
0.8826723159302233,-0.7810760803051233,2
1.2750710845550934,1.3245054930815554,0
1.3075726701819301,1.3005949621961028,0
1.031728023175905,1.1004973408611753,0
-1.1629641249826477,0.5563137962028375,3
0.705210517340578,1.3253570179161902,0
0.782784363283512,-0.8359023122851744,2
0.7150493861433065,1.196239380310125,0
-0.822785106158215,1.1057046436691653,3
1.2335449371249312,-1.3478763173510548,2
1.2740867114164496,0.9414460496638659,0
1.2946948927899127,0.9550187910469122,0
0.1828878954655385,0.07991244578351825,4
0.4712359962030481,-0.648658640318895,2
-1.1071755163964572,0.8405398608816039,3
0.5983900776375418,-1.3432633840104822,2
-1.251707938074746,-0.579605820933168,1
-1.0846705463613493,1.5086906360052885,3
-0.8993436172174912,-1.4439719999904572,1
-1.027647625702052,0.8918920053553888,3
-0.7460836796144747,-0.8247396647087257,1
1.002625005180205,1.4464676234764589,0
-1.2295011924547614,-0.9368758432307819,1
-0.9483273720729992,-0.8672393732554851,1
-0.9904681539762663,1.1281793808680998,3
-0.7975648172963882,1.2699828042856338,3
0.9737550747452616,-0.6581462543849603,2
-1.2021793829948835,0.7239690035501846,3
-1.4240328167078857,1.1825458827824036,3
1.1665957705079786,0.8848200531528617,0
-1.2589014328461237,1.0354167912178827,3
-1.0937867791653209,-1.3065490479457549,1
0.11819741400548278,-0.13177290255601046,4
-0.9168004456488863,1.2534376368745652,3
-0.9923633547398458,0.9907791172887332,3
-0.9737930492931963,0.7516856956406119,3
-0.8976120554405772,0.8001016250823775,3
-1.4081058255169958,-1.0167835386536304,1
0.20551908919928444,-0.05330380921795526,4
-1.0168189022307454,-1.3295989674111834,1
1.2695493259285595,0.3602038334139759,0
-0.2911121134676161,-0.31962846013017154,4
0.1585966682972628,0.4073189424897154,4
0.19593612341868194,0.4753350129620281,4
-1.1859180436752184,0.9602469371114102,3
0.5788706861437793,-0.7983590580259351,2
-0.47080224462908116,-1.4027196008624834,1
-1.0399849469392608,0.7920106266957188,3
0.4604828590096858,-0.6703622454772908,2
1.1358279728468799,1.1097607394180107,0
-1.2368721487267198,-0.9388891360095919,1
-0.8722812945268956,1.3285386084534871,3
0.9672364971146469,1.2832699698899304,0
-0.5659150752589521,0.09375497995503831,4
-0.31658566924073855,-0.015373691071221536,4
-1.3806920226260466,1.1392410301447218,3
-0.7955055981862986,0.9302714312241901,3
1.4045135672500564,-1.2061022803319585,2
-0.2983144583685098,0.0875664798905075,4
0.8722987156077817,0.704841953969397,0
-1.2854753548009616,0.672257407389697,3
1.160828616265732,0.6073441478416368,0
-0.9403296072670412,0.970944390115562,3
0.02666307362575803,0.37975081998403637,4
-0.6276610094813799,-0.8696740629310715,1
-1.0123310175368931,-0.9402415996883088,1
1.1309727559585514,1.0221055217611654,0
0.29419674059596596,-0.07314855178952268,4
-1.1980716654515362,-1.1329014770028638,1
0.6038816092122661,-0.7888864233488534,2
-1.1083885831832918,1.0094990033633788,3
1.02154421059503,-0.45227549669003997,2
-1.0385180996062089,1.2984029201872995,3
-0.525954442841714,0.8000534654035574,3
-1.0140332551121893,-1.0003462606837739,1
-1.083447740088391,0.9949677240306156,3
1.0538101169099028,-1.2515913804196375,2
0.4278449899963679,1.0628711037553842,0
-0.8947704289560858,-0.9383494534346664,1
-1.1572451768978171,1.2675181280177443,3
-0.04431165404734972,-0.09488853016146498,4
-1.4643708178986345,1.0956495341808656,3
-0.2816473564679994,-0.238451105068141,4
-0.9783868689981017,1.061926594616706,3
0.7966589351989493,0.6333939180493715,0
0.846843565281266,-1.2057070810735704,2
-1.2993569239096416,1.371599813366596,3
0.4756545495924578,-0.19391602698499266,4
0.010998877860997196,-0.07936555429001799,4
0.4400989853345658,1.1003747637725718,0
-1.0138381370055973,-1.0659843371481719,1
-0.927719873680297,-0.8967822948884563,1
1.2749148989717782,1.1638159326806494,0
-0.6287686003250115,0.4690274954886102,3
1.1734432881725332,0.9601066404634333,0
-1.1971673136273415,-0.7263404063219772,1
-0.26464297440134193,-0.12725145964783,4
-0.8573028676546066,1.3856990845732629,3
1.0743785884887365,-0.988994430956163,2
-0.379993614896467,-0.054133217962457104,4
1.124681739577983,-1.1844829450603074,2
0.8177388353013261,1.0491393501821962,0
-1.1073023241616193,1.3438063551117243,3
-0.7568660527143658,-0.46653293819886565,1
0.33019859653197864,-0.32300031276178187,4
-0.6643444973724117,0.8150160367586851,3
-1.2153038883496603,0.8726012167634106,3
0.786189885687284,-0.6856950872927514,2
-1.0037512717578412,0.9716470923393166,3
0.9329991572621549,1.2006140989490988,0
0.2718865788667236,0.18482613328325656,4
-1.1303949194983434,-1.296171647602888,1
-0.8273927439042378,-0.8008319729088321,1
1.5408089873201725,1.334131987359098,0
1.4666707870829068,-0.810632917484649,2
-0.30312893612222724,-0.020149629037531362,4
1.3666446788935445,1.213137984865308,0
-1.3876073362708703,-0.8956702947420412,1
-1.1055787060313176,-0.9738214926416789,1
-0.9754055232961311,-0.9046459364477073,1
1.0616622388131116,-0.8480018726484007,2
-0.33068327988044893,-0.1120706997896989,4
0.25134678494309526,-0.7797656097297572,2
-0.8088756367416166,-1.0670931838023452,1
1.0248012156328756,-0.6059252568430706,2
-1.000104331603155,1.0935387714927007,3
0.9457626075158377,1.1113483127236994,0
1.2759234893655376,-0.8998673288503235,2
1.452032952644744,-0.8908403813426767,2
-0.9258167068764717,-0.7925034602297242,1
0.6868011599875185,1.1943725889579775,0
-1.1905903841819023,0.6382649163110479,3
0.33142698983109287,-0.08549556942101307,4
0.643984772754367,0.8766700291594515,0
1.2302147059452047,1.0796819132357554,0
-1.33710327193903,-0.683754167535936,1
-0.8073317363841641,-1.0326099334458319,1
1.2189581903968327,0.9712231328781933,0
0.9077045405143891,0.9401552056060184,0
-0.9956210966804454,1.0809064411522797,3
-0.25019012256218753,-0.3989444028603285,4
-1.2141373270585523,-1.3853968499179468,1
-1.0110349297119516,1.4046148310579936,3
0.0739447721267218,0.2106471991142451,4
1.0889258789309961,-1.1193215676008073,2
-0.36211671581199706,-0.3931991131370433,4
0.9787210993701486,-1.1410752583255401,2
1.2329620935285759,1.0849912459503155,0
0.6664353821493116,0.6633206235506112,0
0.7226306115909638,-1.136879525169858,2
0.30666599344687007,0.16658863556254722,4
1.0711976497835909,-1.0773443982208404,2
-1.3266303807306503,0.7566560081108129,3
0.5424928623930474,-1.173958779837387,2
-0.9262310541745344,0.7253078858331752,3
0.7386866584632613,1.3027863224206753,0
-0.7918373151338804,-0.9182334477197445,1
1.2745758851831281,-1.0344597946490235,2
-0.7673978759722209,-1.043829100581755,1
0.7638884360204374,0.8974875766993629,0
0.07850642295515078,0.09321900221310939,4
-0.8754868988292859,-1.0065480593360627,1
1.6128074297687691,-1.05280149590788,2
0.2536844237074442,0.36007591025440566,4
0.7761333597015811,1.0967256244648156,0
0.9753868688936419,0.8341304284094732,0
1.1009740052089934,-0.515821884399362,2
-1.0309124064730077,1.1262424953657102,3
1.174614287276834,1.0009427222715674,0
-1.7792141478997814,1.1611130083527605,3
0.7131328368972244,0.8905449888138914,0
-1.0125206603661339,0.7890960983660184,3
-0.7659677129222294,-0.8304049752898824,1
0.10107858583224778,0.12608589379074864,4
-0.759988064712518,-1.104124770609173,1
0.6129364192877393,-0.8670063402482022,2
-0.1588576096548168,0.213207442068592,4
-0.8881969781362922,0.8459697191691302,3
0.8075209813886709,1.1348122978229542,0
-0.7307406317631159,0.9437933596824621,3
-1.2745723578311867,1.1431533382601975,3
0.16931147910409255,-0.007977768908535217,4
0.07633018875312451,0.2560412331932675,4
-0.8648066036749025,-1.4545194075958925,1
-1.0580735017966494,1.1822324668463098,3
-0.572290854363336,1.353603760682256,3
0.81381129448789,0.7933903653352464,0
-0.9282738779991634,-1.5801485689476853,1
1.168073689253109,1.1018654590602777,0
-1.2131464617926617,-0.9942600610980121,1
-1.5029700798111771,-0.852574098606319,1
1.0168792142935812,-0.805598965524272,2
-1.1915818997408958,1.3203778350910333,3
-1.0502268833002317,1.0306328294133253,3
1.1747840384296735,-1.074689900142484,2
-0.5784432782930501,-0.21064292542825203,4
-0.9934383455346032,0.9714162100319058,3
-0.8308848169095941,-1.095502238894455,1
0.9360105826964329,-1.087011594910655,2
-1.0186669945627873,-0.9353208899425635,1
-0.9840259520874555,0.5981699601914855,3
0.17466255857693883,0.130406306810085,4
-0.1296696718221481,-0.0708494436140631,4
1.172454541133697,1.3254615573912496,0
-0.7345999574911848,0.7037781388570576,3
-1.1669300715898498,-0.9182593511488857,1
-0.3426429794901721,0.07764117760511961,4
1.4151518899736284,-1.3541508706064103,2
-1.0751196963963556,-1.0887571827638436,1
-0.18987387260726601,-0.06268916919003738,4
-0.8979813376634578,0.5924993372440728,3
0.967473261451574,1.0234883073463923,0
-0.27691172522525753,0.05874429822226298,4
1.2341856158838143,1.3530819265093608,0
1.2477272934212114,-1.046677277952445,2
-1.0520712757737491,1.393592809368893,3
1.0003677500613528,-1.1916762136342252,2
0.15950600837386372,0.08500614956491316,4
-1.2043732744040567,-1.3503368232598276,1
0.8878082467236252,-1.436046939138489,2
-0.046672730528652485,-0.2859103489604624,4
0.9667798556032611,0.9255522801495679,0
-0.9481956516472616,1.145892481727326,3
-1.115473453838571,0.8433774442127281,3
1.2821485161286421,1.1240002365859905,0
-1.2944072406206577,-1.2850490752337405,1
1.1107115284366849,-0.9454007317175157,2
1.0847648139856076,-1.1474080104877575,2
1.3024625316025762,-1.3515261928477527,2
0.9330666157765084,0.7179971671324983,0
1.116415609932615,0.6159390784306941,0
1.2553061857917909,-0.8228261817223934,2
-1.1669281801426397,-0.5795195649817155,1
-0.8062441841939574,1.1082094053749985,3
0.7536223155789623,0.6320412481341033,0
-0.7445523536028318,-1.1381351683541823,1
-0.051743618730916006,-0.1408273398159786,4
1.5759791744209855,0.7349960443196132,0
-1.422057506942858,-1.0281164956398883,1
0.9227213888070728,0.9416333346140768,0
-0.10345099726241627,-0.2742312429332784,4
-0.9958771282547839,0.6945559163263071,3
0.023852968956716705,0.584352415369569,4
-1.1385328117711215,1.3748728725346908,3
0.693641120292458,1.2110907441003869,0
-1.1972755450641626,1.0003121139471216,3
1.1928514871692113,1.257359707195692,0
-1.0640581744988598,1.214415477530613,3
1.0798579583328827,-1.0344448035714426,2
0.7166017935903852,-0.7508100892950461,2
0.7690219960474995,-0.6469620754253422,2
0.03979794166720288,-0.2470241719921528,4
-0.9818305252240526,0.9485414936953156,3
-0.6283043814785922,1.0106949299708918,3
-0.3448565384954402,0.8131317054836551,3
0.8414194765797591,0.9093147085032155,0
1.0941063827889073,0.7251498023539513,0
0.5734324523437468,1.4876938488079474,0
-0.986207161304942,-0.9252556359702456,1
1.084556368421279,-0.837054684574846,2
0.14793174378789206,-0.11905610907866736,4
-0.49731736654032094,-0.3851394929676734,4
1.0975912358771556,-0.6028673272256169,2
0.9310823663598607,0.8225680085382779,0
1.0281844853089344,-0.8356830774238057,2
1.032977938946853,-1.495141397767235,2
-0.19942568998510432,0.11734305633468751,4
1.2191816934226132,-1.4567278445761294,2
-0.9436045841077991,-0.6527136710805181,1
0.9401758522144139,-1.0616983894471879,2
-0.9899821358630562,0.9180612706758958,3
0.7301642084937512,-1.028556387862545,2
-1.1015757826112655,-1.2160112477755924,1
-0.957530510050769,1.0227064817590814,3
-0.9281856718833018,0.9992809743352498,3
0.9894571371773553,0.9282782019025231,0
-0.39050358545731656,0.2515267667743868,4
-1.1631903623371782,0.6352648173506686,3
-1.193573770121701,0.9326525553871899,3
-0.496484961270383,-1.0766914440067512,1
-0.4213455262178068,0.07575276261403935,4
1.5957861937159854,1.2361198717476034,0
0.6705706642148086,-0.8647479450100481,2
0.29485499530066145,0.20915899678943736,4
-1.212080130701308,-1.0814173672050436,1
-1.1364279935044457,-1.471146461244862,1
0.23419880406349722,0.192582719831803,4
-0.6742047595878919,1.0321340792140121,3
-1.6799198410806535,0.7258495632268203,3
1.060300991054738,-0.7180540924680494,2
1.2078377644961922,-0.8780068293342489,2
-1.1778214389026096,1.2819891562333452,3
1.4807355066200962,1.370128697858606,0
-0.8141116211229158,1.0525898416574533,3
-0.056530617440989056,0.48145143436488175,4
1.2863155432548061,-0.9133763894983098,2
-1.0037144258386757,-0.7946485157437972,1
-0.09820515088655211,-0.08406846477139462,4
0.7579794705838555,-0.8807329769107837,2
-0.8797212184027912,-0.31016122149460446,1
0.8406407436119427,0.9006820464178006,0
0.5392326124608379,0.8805064989898783,0
-1.0074640304090916,0.970457303908352,3
-1.2147430971110855,-1.2247355391163839,1
-1.1460938188278305,1.091397865056159,3
-0.11225928536174139,0.12274276379549491,4
0.294457376176415,-0.5762917137608802,4
-1.0913877724965093,-0.7654768647735886,1
-0.9173558109314065,-0.7626883816104411,1
-1.221726081570969,1.2195759394331327,3
-1.1495376131291215,0.6199901787019841,3
0.8200989028620518,0.7967517528614807,0
-1.1874225861757242,-0.991797813096572,1
-0.1838239295707434,-0.15849716482918033,4
-0.16897292350025414,-0.10330425708795202,4
-1.1961718528573613,0.9161048391042083,3
-1.0118194289240618,1.1660360123396627,3
-1.1139563369498422,-0.6434603119951834,1
-0.8482220820209885,-1.2620426017063684,1
0.9817200885129507,-1.324344913989185,2
-0.8750882612220086,0.6953290425057008,3
1.4331802967297833,1.1711252767147977,0
-0.61074748961696,1.2210067993565816,3
-0.1655478608826202,-0.3944017671348368,4
1.2816589805266267,0.7300171229091441,0
1.038736856424229,1.0945406299005433,0
0.9131373368753591,0.8546828807849187,0
0.9845641746355247,-1.1117090634156552,2
0.23557857706924168,-0.5012813566630371,4
-1.0091493232290618,0.9789441758681515,3
1.125582060018695,-1.2155667499383092,2
-0.8829036914307371,-0.5660302505785717,1
0.8576719866324537,1.0674760887351904,0
0.9031682956480119,0.9244243123561661,0
0.2163812976678156,0.31851113448677115,4
0.03476603757617064,-0.21441755114384992,4
1.4668897401066425,1.2265111645688462,0
-1.593048467878254,0.6545637476262537,3
0.7239041651428874,1.0130412698152436,0
1.5674386559969018,0.6364085813503089,0
-1.185216676051018,0.8479272124796262,3
-0.9072068618377402,0.7525443626132202,3
-0.830634457663397,-0.9870449026293946,1
-0.7114539923764952,-0.9568738958767835,1
-1.1240255834956405,-1.0187012456700852,1
-1.005855776255363,-0.7302013179718777,1
1.4351573614738327,-1.0733712637223443,2
1.1109658081863565,1.0834185818435667,0
0.759873904591713,0.8017206593230821,0
-1.260782374508839,-1.2142695471677911,1
-1.0779940269790533,-1.2100725988698267,1
1.6701427101922501,-1.0502021284989165,2
0.1751700272734231,0.17416266358406618,4
-0.8677640953958544,-0.938463052828789,1
-0.7852239518036174,0.7975933559899718,3
-1.2761541493816178,-1.0077340643184898,1
-1.2516397661985594,0.4641729836903279,3
0.8238249310359416,1.2358151812423737,0
1.2373552017314402,1.0218878103462978,0
-0.9622954484168516,0.9361323034530576,3
-1.1914255486195215,-0.8610532589792818,1
1.2156490028321127,0.3360952267562668,0
1.1282091143981892,-1.0815796155395796,2
0.5951600042756144,-1.1277601158950274,2
0.5918413684413761,0.6080580689228865,0
0.8992029232876166,-0.7626486190516953,2
-0.9402282299066002,0.8480281384295114,3
-0.6255712431701091,1.1413168006341128,3
0.8437431523288321,-1.0975981734963771,2
1.2612558438756727,-0.850240118405954,2
0.8693451459003805,-0.739255601338406,2
-0.7529398565643257,0.8715242624300211,3
-0.8251548791030457,-1.2653055718614774,1
0.8799394895654442,-1.1308127358462237,2
1.229305385528964,-1.014260716915547,2
0.6823787503785665,1.2423491770395028,0
-0.3076365114113467,-0.12672665370920766,4
0.9019027504625908,0.23846423630001834,0
0.8996106138751641,-1.1171190111699307,2
-1.1827183964878465,0.589574192797554,3
-0.09814181449128812,-0.27305448533515586,4
0.1833987170573424,0.5029660657816404,4
-0.6659034544193017,0.969989719475973,3
1.0246668634539489,-0.9507047362006582,2
1.0478627180059779,-0.7798722002057223,2
0.15478873040137223,-0.46857837418526704,4
1.0409821431131467,1.0240803389802993,0
0.7244424522732273,-1.0061373559105948,2
-1.3246716805407726,-0.6809811634984531,1
-0.8056807590580112,0.9272396341817436,3
1.3370089451061797,-0.7730753005030253,2
-0.7206736711158339,-1.1297250511062131,1
0.7499461631526088,0.6138072258055971,0
-1.199855599885774,-0.9398031225645154,1
-1.1331756979948886,-0.727312566391375,1
0.6274336530231754,-0.625965090762092,2
-0.4281573306706138,0.15323809204575015,4
0.8725869545620866,0.8904814245972034,0
1.134149130141706,-0.8988261360964249,2
1.1902594312867483,1.030418754123207,0
-0.8610093300725505,-0.7768815281671174,1
-0.7585159703850747,1.3556511872422587,3
-0.13533989710780514,0.02288048669471927,4
-0.8955365741956685,0.9899953186620918,3
-0.9953020520564355,-1.148444361944667,1
-0.8068262907244046,-1.4153995727786408,1
0.2093869785365816,0.49022020312847764,4
-0.726458252139014,0.7264397617412272,3
-1.0469487304937017,1.1217343262349833,3
0.7855743442382765,-0.9661363342025049,2
0.8831267065855366,-1.2156233249311834,2
-1.1168602524064766,0.7849616537688342,3
0.8490401118009623,-1.2873885158142795,2
-1.230705828749207,0.6371653754522437,3
-1.0836554014885305,0.780110725672154,3
0.021460776335612997,-0.12348167677148017,4
-1.0750016647529392,1.2188772882853458,3
-0.8115021332553801,-0.7336711269755013,1
1.0401652974549431,-1.238161238203847,2
0.7454895311781589,0.9805363110147873,0
-0.8733327434929029,0.8444436320612361,3
-0.2557137602010535,-0.2876730010641617,4
0.7572073337939023,-0.6434207848032432,2
0.6148007463888439,1.015815498550083,0
0.7398501924787138,-1.0789007808464646,2
-1.076488143774598,0.8903813854913485,3
-1.0387589520295815,1.016515065446623,3
1.0281393827266136,-1.1638862573710895,2
0.882783953008301,0.44963967862486054,0
-0.032555791616681554,-0.04735448220294765,4
-1.229778361217486,-0.951811537733696,1
-0.9831269356897983,-0.9959154789717769,1
0.8855898514276185,-0.9070472296256267,2
-0.34871004820866086,0.19888738794235175,4
-0.6421080606376772,1.3655535426951049,3
-1.1268794004143392,-1.2629700256379186,1
1.07158592222307,1.1522109586188627,0
0.8722684546919343,-0.8063179202332095,2
-0.9871062643075278,-0.783180842797893,1
-0.6536846133194424,-1.0757745633560183,1
-0.9400332235261804,-0.9602603314685891,1
1.4347181693636277,1.2485985978288747,0
-1.1894677151062916,-1.0125210235712054,1
0.2702639860217683,0.3930825793838062,4
-1.3149468358513174,1.0071551260469458,3
1.0391190642365746,-1.0540859945739316,2
-0.10136811428516783,0.10848474205757223,4
-0.31537293669765376,0.12850104495401588,4
0.9665746100828903,1.2694359514940656,0
-0.9735413390958053,0.784872563222598,3
-1.2545698313917129,0.836357466250604,3
-0.6837305404778085,-0.9471257468170305,1
-1.3554799679101093,-0.5005109800624988,1
-0.820082957365667,0.9378951733237404,3
0.03400780434359419,-0.20957778892467527,4
-0.6518703876414319,-0.7406035832373414,1
0.03164220038269374,0.19825176767435684,4
-0.7647705963562217,-0.8986989799192779,1
-0.8868777268400884,-0.9755259636468432,1
-0.07011194536686353,-0.29507140158779765,4
1.035488290830195,0.9201678957137263,0
-1.4858642128217057,1.1270747963984933,3
-1.184848825627549,0.9060100085071852,3
0.4010815798539103,0.05201738240749095,4
0.8350143237244156,-0.9467457081425281,2
-1.3774154015170748,0.9306521520642226,3
-0.8323573874222725,-1.1768764243776442,1
0.02796809922407459,-0.16892578584291273,4
-0.9399857676758203,1.0250398520226558,3
0.49193242053576147,0.11192080393566409,4
1.3388606756486046,-1.0995370321875189,2
1.4889780770626735,1.0975233306719816,0
0.8049238983746152,-0.9322218008883213,2
1.0068774255074588,-0.4419959026187056,2
-0.8111510760841654,-0.7831481471612705,1
-0.18479230009770717,-0.014681548342234648,4
0.11639729772373263,-0.21803959944270565,4
1.1441477041537351,0.9479253111055013,0
-1.2734737641836014,1.05144920093352,3
0.9011927543364114,0.7101448709000218,0
-0.94570509184043,-0.980447204726962,1
0.8586255484063359,-0.8809921541404714,2
1.6740560131408948,0.9815188334298962,0
0.7607131317122457,-1.3371060797804253,2
-1.1932981275558596,0.6275167479446269,3
-0.8859617410432361,0.9106052420078505,3
-0.7968314894727394,-0.8531851551500436,1
0.022269050624140835,-0.03228837061502847,4
0.02514105077429074,-0.23873568940430973,4
-0.13118548874055508,-0.34631939594179956,4
1.4436646402433333,-1.0982882986885283,2
0.47733565638927716,0.4159682811094324,4
0.2651787498355424,-0.21503221907311534,4
-0.6496191459986886,1.039608461696383,3
-0.7423904331460989,-1.5118309032644905,1
-0.8245541569707427,1.0183213580019113,3
0.8349859199664793,1.043954738324007,0
0.8068070292554494,-0.7794858501592473,2
0.7152479517207586,-1.3036003457398149,2
-0.6496637921770101,-1.1025954484144675,1
-0.26120407984496424,0.19747623544637327,4
0.7027851855539928,0.8732959114253281,0
-1.3514907290669749,-1.147514411467385,1
1.0216457950413547,-0.6451862385222622,2
-0.10730597489304958,-0.5655609088109514,4
-0.8888046593981874,1.2555980806105174,3
-0.7169987165806675,0.8597547492170609,3
0.4132874581413302,-0.17482948524302272,4
0.9394950425324451,1.3795652925889264,0
-0.06813318712193987,0.18438037835347043,4
0.49589834305006,0.8651363416563747,0
0.21575428828777285,-0.1474244489248312,4
0.8614225933571747,0.8823405854613021,0
-0.7298639682436282,0.5980808552392057,3
1.0518176867434046,-0.923066856330142,2
1.3199530051570054,-1.2214916205102382,2
1.0927062503202756,1.035515451296809,0
0.7425161791727559,0.9125141588527238,0
1.113445478158921,0.5425648972488671,0
0.3355884228144883,0.04946332739178827,4
0.14273745996153012,0.26807516182202284,4
0.2675900042432935,-0.1800003578227023,4
1.1350307566001234,-0.4273832323673653,2
-0.9222188884765866,0.730409727295805,3
0.9542737547857623,-0.7759378936609602,2
0.2041337199434426,0.0005962994788087906,4
-0.38391951662115864,1.0484579342321032,3
0.5674309846124785,-0.8528143982981233,2
-1.6456991582424862,-1.2884875909130025,1
-1.6447626862973688,0.7656226534728177,3
-1.3066554148491538,-0.7581384624874412,1
0.911501522186629,0.6562621766454952,0
-1.1440604540567259,1.1436522293231433,3
1.4403165318549658,-0.8114760840859393,2
0.18876242006397198,-0.3491338093932893,4
-1.0155132814495835,-0.6852082175972966,1
-0.9541428383331189,1.0719788580538196,3
-1.0154095130430536,-1.3581838724835271,1
0.7542204540635731,-1.224580492858004,2
-0.5376021883300909,-1.053541664050021,1
-0.8654175991809558,0.9643886456226577,3
-0.7749864393089819,1.4505605574476368,3
-0.17226210735449282,-0.1370217968681339,4
0.9845933994760881,0.9731736809272064,0
0.2755706411470061,-0.17426826809004578,4
0.09957402154937313,-0.3139437204353754,4
0.11668766260460879,0.04027658056041961,4
0.9885740098349413,1.0551269139392934,0
-1.2476677326567873,0.7493328531575523,3
-0.23184073201824157,0.22208471549921066,4
1.0114396293253616,0.9532040374935415,0
-0.259257335962173,-0.27822647371790404,4
0.7912018274521292,-1.2366851027392973,2
-1.4499427953666861,0.7238274631985977,3
0.8289972755656958,1.4148876990474681,0
-0.2745244900906397,0.12806668170649546,4
0.4243366202534873,-0.14165075615942602,4
-0.7841200854046714,-1.2011884351594673,1
-0.9101239001072474,-1.036141704233434,1
0.11121335954662714,-0.0009407042862560063,4
-1.0722513027385583,-1.4996598688958431,1
0.43610894264945266,0.7443732890910991,0
0.9537365822476647,0.7980878780959111,0
0.8800860464980131,1.1550895745858782,0
0.7363428840037465,1.2050619593311702,0
0.7966010007263733,-1.1304103774926548,2
-0.765888568542221,-1.0087737942174175,1
0.7610137498768057,0.9135045560751534,0
-0.12675915803136095,-0.5026955671464695,4
0.005553166129121022,0.13586335989568135,4
0.10347841752755828,-0.049820013728648006,4
-1.0994780246477103,1.1956447202104943,3
-1.3567344213567478,0.7668574425257467,3
-0.8174120524057451,-0.7238553816071309,1
1.28808289119578,1.2699046480092053,0
-1.1762303381268613,-0.8300062889387244,1
-0.9440391091717724,-0.9175942544680655,1
0.19947829914168638,-0.22171990096785943,4
0.8832886134868094,0.6457734717184351,0
1.2022950742132907,-1.2995232200477596,2
0.15015130043326902,-0.003312566983506665,4
-0.9229171885101637,-1.3445208667660193,1
-0.05124013793257398,-0.043501709377008424,4
0.9221118669681568,1.0140413355574363,0
-0.7659003641118851,-1.131410148275485,1
-0.061270438894213894,-0.19466886816440324,4
0.38094279940426334,-0.014320299947628847,4
1.0328934919770172,-1.3513900118479725,2
-1.1552706744253443,1.4336430437309273,3
-1.1922122899187024,0.7077260631694933,3
0.6567393622622761,-1.2669355027547766,2
-1.3399451813759535,-1.010350202889492,1
0.1442336492633061,0.20458843270679034,4
-0.8951189728934646,1.2311085054896274,3
-0.23762948636113257,-0.115999105832711,4
-0.04428434582883089,-0.22268229576537396,4
-0.37508209399464265,-0.20462603514841893,4
-0.8170852682424019,-1.0163720937861207,1
0.8392618616617774,-0.9624711932484677,2
0.32086375906663134,0.14948662284804515,4
1.0699811497608096,0.9754624025892605,0
0.7470564789736278,-0.978757965740573,2
-1.0320604935069255,-1.067942891622674,1
-0.5884100999226034,-0.2512861077391679,4
-0.9900583163533762,-1.3917486777154007,1
-0.8955498541984797,0.6899459158980574,3
1.5427912373295416,-0.8344814277500734,2
-0.013722046188597122,0.130639400499703,4
1.1556297850762494,-1.1577979854367142,2
-0.3516149137759078,-0.04370584290444174,4
0.12814055785653058,-0.0897791487664713,4
0.20470984314983695,0.035123976859868976,4
0.7486720319127853,-0.9746482133329473,2
1.1056450930682207,-0.8631298569738337,2
-1.1025546731950822,1.3455454720982847,3
-0.16492781180241753,0.11850196681925743,4
0.22518097627229516,0.222841026588236,4
1.441013086491916,1.1000393020918058,0
-0.04702243451241255,-0.2589369315488032,4
0.049849268201371436,0.4864403478265817,4
0.7323118446223644,1.2636129317327842,0
-0.9117958483764054,-1.0381936058863521,1
-1.2150656129893798,-0.9179246762498111,1
0.954061067437502,-0.7938454450903831,2
0.5479640183754371,-0.8971664392755978,2
-0.605283701395878,-1.1988751375133226,1
-0.9475376305192362,-1.3101561498890568,1
-0.1816780064956994,-0.05429077893104174,4
1.221296885302232,-0.6315587962153988,2
0.06618468943892682,-0.4154620918045625,4
-1.4308070626790808,1.4493848467814763,3
-0.2072563066774551,-0.9526250906130216,1
-0.8487199789794584,-0.776111003612169,1
-1.0027864029604603,-0.9971252750324844,1
-0.9884662352610788,0.7604063799433596,3
-0.22828038439220505,-0.04461420372431578,4
-1.1224312555932567,0.9301758326804069,3
-1.1003244512833774,-1.0791638237630268,1
-1.1203481560119084,1.3492663253284356,3
-0.943597836382224,-0.8875719749420019,1
0.9492757898083333,0.9725293051726716,0
0.9029614518794375,-1.0149820006677726,2
0.7674608743689197,0.9553527269781678,0
-0.549884309384943,0.701224056634131,3
0.13876198560260852,0.16398110284312548,4
1.0414658806633843,-0.6677146793136117,2
0.8923845220285518,-0.712655154158219,2
-0.22497161918587108,0.12052015216805027,4
0.9849281165902203,-0.930479738008014,2
1.3735197682894016,0.9487104340585498,0
0.9723648356918818,1.25504317792895,0
-1.3407352368020025,0.8020608710891339,3
-0.3240900970688575,-0.02325603611105582,4
-0.3486699103981689,0.09329367956314454,4
0.5988153675347532,-0.6353213125810016,2
-0.8241036113391529,1.2322862869421727,3
1.306217641048415,1.016214026585894,0
1.1087019894327894,-0.8649763848687986,2
-1.0500883700012469,0.5714884709877509,3
1.221622884839904,-1.068032939004552,2
0.9957448965346398,1.0947879338887705,0
-1.2347453931694463,-0.7457447521466889,1
-0.9525743469800011,1.4256425380604478,3
-1.0329771599449917,-0.8988095469898756,1
-0.00336286733934742,0.203867992310015,4
-0.8834274891124526,1.4287079021690108,3
-0.959610183190458,-0.6091488137427676,1
0.10265044783001191,0.12024246250865588,4
0.5507088461510954,-1.2005632929327028,2
0.8539766133012702,-0.9162235949510003,2
0.221573298655367,-0.01381474893241312,4
0.8864799093710987,-0.9785120066414038,2
-0.8982174172291879,0.8428606049388525,3
-0.10380784895541427,-0.16841604282728492,4
-0.7042201106670732,1.179724291382073,3
-0.8834583934914924,-1.0925606101760856,1
1.0123737454125228,1.123459194070239,0
-0.7936569419781213,0.9254192077510416,3
0.8190178239853495,-1.2799070584201135,2
-0.611221491985233,1.1533315565821753,3
0.9116420628107003,0.5958814528372418,0
1.1558634023560956,-0.7773320796421513,2
0.7760460598972932,-0.862917967375505,2
-1.3044846278982878,-1.0762409094636052,1
-0.8859590971612167,0.7637824506529973,3
-0.8911134601760866,-1.14980606936493,1
-0.08514000873446557,-0.32580502066960365,4
0.8043427110431187,0.9724026752432781,0
-0.9953431573346612,1.2635812437260194,3
1.1965819905272441,0.8833952258160143,0
-0.03214688757909015,0.11385499773420238,4
-0.3819079870446935,0.23218548120173538,4
-0.15631148063929345,-0.18412279287643707,4
-0.9887164961419974,-0.4150937984949855,1
-0.02082209892499084,0.400715907344284,4
0.05572645490606833,-0.5393390933736153,4
0.9741968121345731,-1.2628475996650161,2
0.06140410697544395,-0.008249120066166524,4
0.7731754089041895,1.0129863489490347,0
1.039126634491344,1.0580452590500689,0
-1.3040191451864653,1.0351679758269903,3
-1.0925410411284255,0.7601861518398529,3
-0.5445212255348986,-1.0189126176471057,1
-1.2129322993133975,-0.5443190999680101,1
-1.0495997242050115,-0.9764519249224634,1
-0.6442541258709735,-0.90097835376086,1
1.0632008763547887,-1.1020036772599742,2
0.5120489746295995,0.8350270675676255,0
-1.1134510102630002,-0.8991838649591883,1
-0.9451226110517387,-0.9017342665049771,1
0.1464627014544839,0.28409701938493487,4
-1.3250867080545847,0.79903739899212,3
-1.0943867297648222,1.2136606821781122,3
1.0847260313039861,1.5052608903711993,0
-0.6680543260105043,-1.0253203715543497,1
0.16550134161297556,-0.08521860264236769,4
1.0797796000215707,-0.9231838048736023,2
1.622110403582782,-0.5760076167464576,2
-0.4133382423683596,-1.3197902767570646,1
1.0533700122275422,0.6978565865666947,0
-0.13064463538298665,-0.07678293003967102,4
-1.4169449732210593,1.1470094371849533,3
0.9901792954431261,0.7079766255647006,0
-0.8110649277763644,-1.1347831591882476,1
1.0879450276703395,1.0948088833838967,0
0.6710231473721198,0.8846038487963228,0
-1.0202029032359352,0.8240352410023883,3
0.850921490387373,0.9868581759326134,0
0.6990662019500551,-0.8957391242580991,2
0.9227467577382195,0.5809990484175058,0
1.1263467346443357,-0.9101877108716359,2
1.3903198997389516,-1.2350675589893012,2
-0.6785039982299268,-1.376749599553568,1
-0.9813533983641116,-1.2692747673509988,1
1.0605294902462807,0.7778199356615922,0
-0.5612534615644853,-1.033247105577398,1
0.8008061734234247,-0.6129832996553153,2
0.6669470863513746,0.5078438275534949,0
1.0990016781654113,0.7267346228173736,0
1.0063464011016148,-0.8474020589236468,2
-1.5048850213466802,0.7539477494317879,3
1.0960808513028113,-0.7475720362970715,2
-1.459544184917503,1.163259320851607,3
0.8791876143802232,-0.9993572043921225,2
-0.11338827522719365,-0.24790708959450516,4
0.9038386442143705,0.8890409767112005,0
-0.08218192318415195,0.16599126888155546,4
0.9785173082570968,1.048573234511443,0
0.9443485797629199,0.7717301954895509,0
1.1719703477936887,-0.9875356833500444,2
-0.351393853057962,-1.1010080734627343,1
-1.1478506669520276,-0.7188952038724079,1
1.0487674242878453,0.5546092860736022,0
-0.4626063662831783,-1.0225609624164376,1
0.9125544549721157,-0.4941320125575065,2
0.8054541196359695,-0.5658062607558223,2
0.8044082582744776,-0.8437203358915675,2
0.70671914872146,1.4859052964123232,0
-0.8614681054183075,0.8324685255681759,3
-1.132167664733872,0.9729990408047605,3
-0.40492114134317514,0.14315675430127142,4
-1.1217728579279558,1.224741848647015,3
-0.06421742433297924,0.07336784941245557,4
0.671787581362552,-0.6462814660193944,2
0.6733682870661708,1.414532669904547,0
-0.6831470862953358,-0.8751254416328351,1
-1.164115918742883,-1.7086386263186757,1
-0.07527369663085343,0.1342469786140904,4
-1.1183402313756197,0.9491073321316308,3
0.253042073793697,0.34604668114520504,4
-0.7364555227652694,1.23770842425095,3
0.8382366184043102,-0.9571891137119469,2
-0.9930594670936246,0.893614446807138,3
-1.1629140522644452,1.1262038640851255,3
-1.0146466377834653,-1.0793857734825498,1
0.6967830459477438,-0.9290576114041637,2
0.24758070266398638,0.4066078727480643,4
0.836897854403245,0.9022616562030997,0
0.6021380311354921,-0.999194445889211,2
-1.0714897878712932,1.3742277483802068,3
0.060249183011280266,-0.2430794795066293,4
0.830101739363964,-1.1410794774206223,2
-1.2578706150788144,-1.357497814671362,1
-0.9185500965898437,1.0311923802608032,3
-0.03932632207014142,0.06905996300499344,4
0.9001377426842812,1.0925139719618797,0
-1.1003086774777957,-1.2000206190211502,1
-1.1338175411332112,-0.993648697903746,1
0.9698983403338975,-1.3698289949908133,2
0.7378617587332268,0.6449955157052563,0
1.2275447270231479,1.0793045537978254,0
0.8824917793247813,0.9458171323561153,0
-1.0424395734756213,-1.033533195692105,1
-0.18159145804652554,-0.04311464917036426,4
0.07655084907592713,0.09092447317834078,4
-0.9184062275682523,1.3707821569934535,3
-0.011011224343985318,0.48989050130144196,4
-0.01252686469757321,0.10790846320280581,4
1.0092514304775373,1.191975601933176,0
-1.2097823507105534,1.2475303459697984,3
0.6042654006662296,1.1525948447768013,0
0.9829395986688422,1.4283356804123417,0
1.1498423431305742,-1.0640792234224108,2
-1.067002445849528,0.8758479475676207,3
-0.9402136048365533,-0.6505259347283161,1
1.0782669254127253,0.7864760651745688,0
0.13769715352568285,0.14885578919093076,4
-0.8115335791094248,0.7779529472286217,3
1.1916657954112715,1.0890732043680722,0
1.3736211361228423,0.48250374374661686,0
0.890202619549463,1.0453346073044554,0
1.0034371218338833,-1.4611752909070115,2
0.18775632604744255,-0.2247782346066347,4
-1.3424648754882356,1.1948651328147655,3
-1.2243502317254575,-0.671882408214751,1
0.9148269140305174,-1.3157932280212885,2
-0.8200040674642086,-1.2757265532388424,1
-0.8653907499113653,1.120835462945143,3
1.0021569747293941,1.131751052113665,0
-0.8807754077694444,-0.9628876046549805,1
0.8263580350671587,0.9625913649180823,0
0.750287800976158,-1.1850341976848784,2
0.9594453881058272,-0.807642455455674,2
1.0531467616093841,-0.6132421257522889,2
1.564827237672713,0.9894357120848394,0
-0.9143931621782931,0.944143471951326,3
-1.0869904639802115,-1.3383472145369284,1
-0.9923495439153706,-1.0174103946117339,1
0.6271856018235986,1.1098479253161342,0
-0.233781802359386,0.09545600240484596,4
-1.2080465085375156,1.0430847848072973,3
-1.200785346835407,-1.1160844228588729,1
-0.8589978662315477,-1.3211380744981318,1
0.1242232862096174,-0.16626040453967275,4
-0.1476892882274905,0.24299257346639389,4
0.9187662604198752,-1.1778265899356972,2
-1.0586345087271876,0.7841611046645544,3
-1.0027839068351667,1.3360185936683568,3
-0.015034471375921303,-0.21654219975186806,4
0.5965255381105121,0.9468149299465078,0
-0.9327439817059383,-0.8687705340885293,1
1.1002214197760303,-1.0024143091332272,2
-1.0603344478632761,-1.2195475857025182,1
0.40760327369334926,1.216013075124412,0
-0.994734494664484,-0.9751363857423221,1
0.5754735451419364,1.0968201188487658,0
1.2446844960264347,1.5602232998003644,0
-0.3527058283450841,0.04122818231367465,4
-1.036838416145711,1.2649515737334436,3
1.5801999598200744,-0.9707272819611396,2
-1.0691082112539594,-1.0648942454585097,1
0.8410384804052797,1.1691083237366249,0
0.7607104754311474,-0.7465069614719597,2
-0.5214425757342964,0.5835109808005704,3
-1.1416099634330548,-1.0769228193417504,1
-0.6360480120407892,1.0138730563609506,3
1.2375221043813973,0.9621606979255756,0
1.205396428012449,1.0013231615748401,0
1.0886894232783044,1.1542216385983197,0
0.9270406593130343,0.8096269470470941,0
-0.7427661268512864,-1.0180717518900013,1
-0.3684079399110004,-0.5575196529508166,1
-0.648863621265072,-0.9633898073804376,1
-0.5933376094246046,0.9471404272886108,3
-1.0908594450290128,1.194762805033248,3
-0.641661874279502,-0.8954004971727019,1
-1.1128257592756314,-0.933578006258441,1
-0.9085378030207855,-0.6755436832566036,1
-1.0159153721973873,0.605017367582219,3
1.0066845956686592,-0.9541374366046059,2
1.0019043745795395,-0.7782838283543098,2
-0.8846327806397151,0.9883797109917775,3
-0.8749958260356744,0.6420505554837406,3
1.0616915059949927,-0.6185106097787979,2
1.2356170298050984,0.9331013134411631,0
1.402130538987181,-1.1403946874008053,2
0.8841010063384764,1.1203703684433655,0
-1.0143673796163486,-1.097804263043504,1
1.3507111850250608,-0.9160388196486717,2
-0.23448689881537205,0.068432362381181,4
0.22317703821842505,-0.11840101424091452,4
-0.7696479005473547,-0.8847963807127923,1
-1.0286938311926996,-0.9228121895408468,1
1.2238150682224824,1.3437410165982475,0
1.1921926610998688,-1.10533189683117,2
-1.0358948779290802,-1.0955063622375958,1
-0.8625357831759023,1.0002249816677768,3
1.5382799481426457,-0.8829237730776021,2
-0.5370296195577244,-0.2582911938228418,4
1.1201061240294468,-1.2420465159767762,2
1.2953446503220714,0.8420240604987081,0
-1.2360921227060735,-0.9404742130419219,1
0.2681590118147183,-0.28464196757886917,4
-1.0553935995510002,1.1060631545252175,3
0.638366325109153,1.2000744873350069,0
-1.1263395793161024,-1.2039478854984929,1
0.7568992776618756,-0.663444731694425,2
0.6767857725691379,1.0667627173372958,0
-1.2331972603766095,-0.6891701538862113,1
1.1308191651329385,0.957113417194438,0
1.160032881524398,0.5957609889222915,0
1.1607636363348233,-0.8529437677205158,2
0.15054087239401595,0.2183182620751759,4
0.5471546697057093,-0.054943246428340586,4
1.2001412008577492,1.0195650437904153,0
1.1418225694631674,0.9443312248712113,0
0.6562038801706898,-0.8747519419550134,2
0.9482740809590071,1.2200447280201956,0
1.193540152454704,-1.1936147421927066,2
-1.1884261165451502,-0.9655775435241631,1
0.22520569105225746,-0.3764778378928468,4
-0.7413975283796205,-1.2490531600927666,1
1.1867970835511579,0.702763761199066,0
1.044356535563438,0.8995547659479345,0
-0.9253215850019978,1.2276614180574925,3
-0.2677259395590347,1.0557145807758717,3
0.20308339733545777,0.13656796673594138,4
-0.0641625338701202,-0.009619164559738325,4
-0.682558812421424,0.822536454463474,3
-0.21407570674881282,0.31496883287925387,4
1.2503327543366825,-0.8506968738991437,2
-0.3123346287153856,-0.1774462750298748,4
-0.8511749230769268,1.2910379415562416,3
0.7846935787363244,1.4775162382747584,0
-1.2414884647104674,0.8189221701922194,3
-1.3500640520319855,1.0436700232245422,3
-1.150164389414447,-0.6119392049878598,1
0.5610273541405701,1.1127336154514786,0
-0.4514840656508554,-0.004830697992815852,4
1.1446303744322197,1.0874136142482935,0
0.7489193219463466,-1.249547932057966,2
-1.0083298207112883,-1.3827008743498732,1
0.9596566159305552,-0.5513877986937317,2
1.0538882634471711,-0.857998160193395,2
0.1583834756151001,-0.15220377935428284,4
1.0630828578461302,-1.0976994990202533,2
0.7961810847158853,-0.5496965022978663,2
-1.133122479802267,-0.8387361816350307,1
-0.6572527484272197,-1.1274608105346198,1
-0.8572225444675443,0.8640764925793059,3
-1.3755991423454281,-1.4444167386834266,1
0.16245740866999467,0.10869720136525993,4
1.0206527580390503,-1.2053836292548818,2
0.1625211285930786,0.45523481852241887,4
0.0507202611106554,0.3116737852236089,4
-0.049446862918182476,-0.20944406484630143,4
-0.09903079943786237,0.5635709247012406,4
0.835361758298749,0.8714415085150028,0
-0.2018885103874665,-0.18553804041259614,4
0.831416834835656,1.0079576395685879,0
1.0078168867568924,-1.023028028672989,2
-1.0150906235980846,0.8222398508022222,3
-0.8390921811366654,1.172224166651983,3
1.210407816018409,0.9376353549597628,0
-0.9174912213724221,-0.4435139170654353,1
-0.6172669122427938,1.0231119338674521,3
0.036026621280807955,0.058364519915579505,4
-0.8882439607785805,1.0264299988667887,3
1.4668894975374918,0.7556805300308973,0
0.08000798302318282,0.5197941661987593,4
0.9345886385722748,0.9544388040525142,0
0.32605347296237575,0.026202902018070413,4
-0.7559906186577685,0.6107665168726848,3
0.31032480507899773,-0.03897449644142589,4
-1.0245403028014826,0.7783464349859719,3
0.7012532986828349,-1.125102416826066,2
-1.7080029674772468,0.72914333493393,3
0.263359937157612,-0.14085191577954242,4
0.8861168741206642,1.0043697897562642,0
-0.9289213702505139,-0.8961498434572183,1
0.7182935478108141,0.8173305617837938,0
-0.20902784487519224,0.16055273583235646,4
-0.3474452547240517,-0.4884196406548516,4
-0.7614526047753087,1.136036188089502,3
1.0112914639847077,-0.5351634165370929,2
0.03499711684671484,-0.08601140721240634,4
1.2036299556219665,1.0147313972954075,0
0.9037800477046811,1.0235878973292685,0
0.48794025306695343,0.30998513745684003,4
-1.028110939004822,1.2244660433007803,3
1.0398126170934257,-1.4896372387841348,2
0.16998600152898888,-0.5407744120990314,4
0.4638115523551198,0.35391405654367003,4
0.7700873274843345,-0.33926606974631457,2
-0.8192248765655504,-0.9938469686880221,1
-1.4513129221576053,1.207596501335098,3
-0.9828501931298349,0.9319309747137299,3
0.9169744306627937,-1.1803578238929389,2
0.6587092806937078,-0.5132253392949105,2
1.074559543551514,1.3315964741717576,0
1.1143539015552477,0.7588469965665678,0
-0.7690508599215133,-1.0331420036634296,1
1.0416683738431323,1.1587578592230265,0
1.3783320206433012,1.138283016051896,0
0.390608910200161,-0.72126886012743,2
-1.1149066105673597,1.000895801488646,3
1.00952950004485,-1.144729534985802,2
0.7484907855199021,-1.2053874564007832,2
0.8670015476472095,-1.2390646056080707,2
-0.2739178072431281,-0.27322415158150754,4
-0.9439369447585795,-1.4196720907071643,1
0.9139508858831547,-1.0631776680104017,2
-0.9505429580375331,1.0244377006055463,3
-0.9540186264149225,-1.0963724400939021,1
0.9097217163150335,-0.8477594145863689,2
0.5506360489082756,-1.2658582345386518,2
-1.4097018267805446,-1.1833282018959164,1
1.0033099419168834,-1.0304862319000694,2
-1.1976307554582692,-1.2268250303813317,1
0.0781584907534965,-0.048365970697586934,4
1.1302662191131896,0.8560530075467334,0
0.4763492321984638,1.0309304785583766,0
-1.1633211754819723,1.0196285062935442,3
-1.3426899956357652,-0.7835867692960367,1
0.03238863013655474,-0.3514917702856571,4
0.025544581735992684,0.1262486804450028,4
0.8706202393723992,0.7552925351603075,0
1.0890915992936006,1.176643292047987,0
-0.9505081775137582,-0.7295161953806837,1
-0.36543458555418074,-0.38719903425066643,4
-1.2613811392673664,-1.2712140148653612,1
0.7414392895538838,1.1703986295704067,0
0.07591411838156957,0.2584892467031959,4
1.133550292711443,-0.9205287256904546,2
0.8186006553841039,0.6541590111512361,0
1.217240871724199,1.069217976461532,0
-1.1943070105387836,0.9249991057655512,3
1.2161090497148765,0.8144587448983895,0
-1.365433172065352,-1.1708599416971706,1
-0.3480039791395089,0.14805142041100985,4
-1.2094195104769863,-1.1477957759411075,1
0.1405032764785454,-0.2519774508209745,4
-1.4730904733293353,-1.0444532859257531,1
1.0354516597883636,-0.5416411595460804,2
1.141636328954553,-0.9634238884997389,2
0.051833511511422466,0.18978916877705854,4
-0.985026329220931,-1.0531307611925773,1
1.036858600412743,-1.2443662193114673,2
0.03520266296955898,0.11837206541661555,4
-0.601807311395629,-1.0646431579191928,1
-1.3324729653335157,0.9111263063478869,3
0.7900918882067022,-1.3420612738345976,2
-0.550770369356268,0.9489152657742382,3
1.026308034264819,-1.0229148520250957,2
-0.8306107416030707,1.3267959612703144,3
1.070110426329074,0.7517190972676049,0
-0.7253545879422134,0.9682332092903707,3
-1.3855720376999197,1.2155370142210669,3
-0.8541579982946753,1.2316511920771513,3
0.8089640190233892,0.6405521315496054,0
0.8642846309958205,1.1040125115653563,0
-0.620310165759105,-1.29279011536252,1
1.2323762778698821,1.1455561478494811,0
-0.7949195506846446,-0.6600128645801289,1
0.3617525460414803,1.1634046488600902,0
1.3151422112605373,-1.0250983758503416,2
1.009657637960047,0.5858212244195116,0
1.327167188088045,-1.0064496395636218,2
0.9294510308273912,-1.289550796296007,2
-0.8708731389295601,1.102323749160239,3
-1.1601814310475498,0.7164221015694432,3
-0.9187825960509535,-0.7507205048020601,1
-1.0678018349725409,0.6707063027985514,3
1.095683107503067,0.9914394298670115,0
0.3352069405008148,1.1515798810898452,0
1.1246725687274568,1.261993038992013,0
1.2172515857046902,-0.9539546838241134,2
-1.0865623619118274,-1.1986590802678747,1
1.214480981073084,1.2852754666643933,0
0.9523366266046501,0.9012876214916374,0
0.06469939183515218,0.26005974106238966,4
0.469705888774391,-1.4597116509396246,2
-0.6855639456259904,0.47834125514486436,3
-0.1387815863736125,-0.04312057927674023,4
-1.1304241312369538,1.1944018203355602,3
-0.02058591169783803,-0.11990575376845163,4
1.5028141703657842,0.9888511433860357,0
-1.2531142881859516,1.3126424581358587,3
0.5769073906314729,-0.8176634134298935,2
-0.02874044156937367,0.1239626672413576,4
-0.2255179928532712,0.0802498665462229,4
-0.3756999021032482,-1.5613304120928504,1
-0.9830914424832701,0.8842445614727372,3
0.9628084619415802,-0.9759989487575575,2
-1.0356119671972104,0.672809121440348,3
-1.1563892587773132,-0.7519657928703736,1
1.3799987151914432,1.4298973268540487,0
-1.300618827051108,1.1040249086039557,3
-1.4211822397184852,0.8751458097444904,3
0.16815917964202345,0.064958123750869,4
1.220282774274908,-0.7417527013700136,2
1.068629089430985,0.777271229251118,0
1.1308154346720192,-1.1343958421395155,2
-0.25081643922597224,0.0436573944533925,4
-0.24173277211418365,-0.43293283661698156,4
1.2177404455429048,-1.2194926541339675,2
0.6868516646241702,-1.1465800063027831,2
-0.9872614307471776,-1.4485573178724303,1
1.2112489007502094,-1.1688984569075158,2
0.7991475839565397,0.8276125555624498,0
-1.1492292779457987,0.9442602042574051,3
0.7910359831295947,-1.2355233972182789,2
-1.0247520778210193,0.7373365408531276,3
-1.0433659742682198,-1.1275073849389043,1
0.8304935546088874,1.3244614476627747,0
-1.4160432462915433,0.9683576670901526,3
1.187986646919299,-0.859252570353468,2
-0.18429629239272852,-0.16958245946849243,4
0.9974858820327464,-0.69049826601039,2
-0.6483471411854276,0.024312719244446536,4
0.2455817459500745,0.25936119918272754,4
1.1282292117069441,-1.6353097019220562,2
-1.1926960751766413,0.8797886647818177,3
1.0512716563079634,-0.7096165491102207,2
-1.1617953579619402,-0.8819382124780378,1
0.8390953992917773,0.44414921194389334,0
0.8318848880560122,0.9101117096148647,0
0.798593373115158,0.720422018919592,0
-0.13769985642671004,0.19801037460574356,4
-0.02281675493154398,-0.10039266887822898,4
-1.171824759289166,-1.0293686366045278,1
0.043593262175381405,-0.548420837923665,4
0.86262536342399,-1.2746426818888323,2
-1.1799851330354736,-1.2233936005785477,1
1.200512934685129,-1.4616329954161682,2
-0.18625580420192225,0.2530651275163339,4
0.02558396170855497,-0.056023091765732176,4
-1.029646655887523,1.1220926476074145,3
-0.5237340898599956,-1.0036943049149611,1
-0.9191608671299354,0.6576522189882107,3
-1.4622826818188628,1.3524880345990367,3
0.960583245959046,1.5641808743245522,0
0.11196741602781314,-0.18893769011006678,4
-1.1740816634652707,-1.0725992752009668,1
-0.09454451172324743,0.21322227431721932,4
-1.4107413233826522,-1.101517949064958,1
1.2870876451727815,-1.2277125944096632,2
-0.0954337718101415,-0.03819861585052165,4
0.9960794720993613,1.0402320420745557,0
1.2970074480880753,1.0792356529812124,0
-0.9443842089978483,-1.0220938807997888,1
1.1234354443372971,0.9709740152414084,0
-0.4784501761674953,-0.5713748621974113,4
0.9110121267382985,-0.3649420948102071,2
-1.1014854317971208,-0.8189078737825088,1
0.8111343184085916,-1.3003003797543473,2
0.7106611852022866,0.9219269372185767,0
-1.0356719280183662,0.693090894897398,3
-0.8301080335587294,0.894052937862631,3
-1.3703114905493246,-1.3181395337580792,1
0.8108766177798129,-0.9246214856508085,2
-1.2531682809421478,0.7431757807311343,3
0.9270895034120389,-1.4352557020897254,2
0.5861639904225806,-0.9615888847960834,2
-0.014244763744434917,-0.09904636118745423,4
-0.4004602380186294,-0.00947676529603405,4
1.0498250492241163,0.9873491147595835,0
0.8506709827586594,0.9405195675659983,0
1.1510341851106711,-1.4073959006871095,2
0.5159300485383733,1.0471946491984572,0
1.0262267912713783,-0.966521769346131,2
-1.4355890494523076,-1.325810688528079,1
0.6383947340041678,-1.113087568892273,2
-1.2197901572087688,-1.057775401898249,1
-0.023515612590650915,0.09939130390436654,4
0.8429781100896052,0.879743220384803,0
1.329784219075394,0.7793952953625204,0
1.4000669546871898,-1.047208695054446,2
0.18179371750510911,-0.00972632666595169,4
0.7109543920445218,1.1952995254274983,0
-1.2500825872384262,-0.5815035732473225,1
0.8823143754543182,-0.931800902617434,2
-0.2749927018923268,-0.10108805490599994,4
1.1421147297310692,-1.0832029412130524,2
0.7965513791921736,-1.3622794026842326,2
1.3969403809363419,-1.1608144004471848,2
1.0715031317445294,-0.7553581756384893,2
-1.4784356677153767,1.1658903941478453,3
0.23464628406244206,-0.2548127873762824,4
1.2283004810630445,-0.44717391669012674,2
0.9130219626684618,1.039087242275995,0
-1.0751959691190067,-1.165152148494248,1
1.2647568136104916,-1.2556410978151713,2
1.259774110094598,-0.8802261939754429,2
-0.9207098434268278,-0.869989846357283,1
-1.1077740843776893,1.143187841714304,3
0.31062347820461783,-0.3035543203398348,4
0.9939184689002661,0.8154922726985778,0
-1.0225955018192368,-0.6581006900483216,1
-0.860175254652279,0.7340761022436131,3
1.3962051318372546,-0.838008052247528,2
0.8897693419268522,0.9299111262038727,0
-1.1245529046465275,0.8921464147238287,3
0.22729712383274153,0.02017997260846667,4
0.8969320613488643,-1.1008647958552003,2
-1.1247541594985457,-0.9946621940391128,1
-0.9969420040902957,-0.6076850963660239,1
0.27066807052276615,-0.03739737541674874,4
-0.5826872984057578,-0.9245026974106118,1
1.2848501711358251,0.6912935449115869,0
-1.234470057787863,-0.8917230117121641,1
-1.1224570547118167,1.1647005354228783,3
0.8369266000162452,0.8697026719247223,0
-1.0089420179650552,-0.40481366219506243,1
0.7728091885102367,0.8939205947555247,0
0.9901830022405117,-1.2372332027124409,2
0.9929544429153363,1.1070829676326044,0
