x1,x2,t
2.233,8.687,0.0
3.407,8.485,0.0
2.807,5.999,0.0
0.63,3.816,0.0
1.421,4.856,0.0
0.103,6.224,0.0
0.59,6.134,0.0
1.327,6.158,0.0
1.877,2.303,0.0
3.906,7.389,0.0
3.611,7.315,0.0
0.011,3.51,0.0
0.942,4.234,0.0
1.824,10.632,0.0
0.54,5.892,0.0
2.124,7.198,0.0
1.258,3.148,0.0
0.654,3.602,0.0
0.459,5.473,0.0
1.652,6.896,0.0
0.468,3.951,0.0
0.267,7.43,0.0
1.927,6.428,0.0
0.903,3.772,0.0
2.288,7.446,0.0
-1.132,5.752,0.0
3.361,4.378,0.0
0.756,4.515,0.0
-1.255,1.631,0.0
0.927,2.548,0.0
-0.94,2.286,0.0
1.869,7.935,0.0
0.807,6.581,0.0
0.176,5.666,0.0
1.92,8.591,0.0
-0.087,7.92,0.0
1.531,8.569,0.0
0.527,3.21,0.0
-0.154,2.699,0.0
-0.318,1.797,0.0
2.02,7.876,0.0
2.344,10.217,0.0
0.387,9.611,0.0
0.436,6.363,0.0
1.373,7.435,0.0
0.111,5.38,0.0
1.324,9.73,0.0
3.234,8.1,0.0
0.351,2.653,0.0
2.228,4.672,0.0
3.043,6.183,0.0
0.405,4.316,0.0
1.323,6.649,0.0
1.727,4.078,0.0
0.295,5.955,0.0
1.539,6.561,0.0
1.553,1.493,0.0
1.8,4.186,0.0
1.665,7.414,0.0
0.152,7.455,0.0
1.191,2.475,0.0
0.233,2.916,0.0
2.912,3.522,0.0
2.465,6.521,0.0
0.737,3.586,0.0
1.453,7.98,0.0
-0.122,3.829,0.0
2.806,6.245,0.0
3.81,5.352,0.0
1.066,8.731,0.0
2.186,5.705,0.0
2.02,5.653,0.0
2.319,7.588,0.0
-2.038,4.344,0.0
1.846,6.483,0.0
1.907,9.991,0.0
1.731,4.129,0.0
0.242,6.381,0.0
0.865,3.991,0.0
2.284,7.227,0.0
1.135,5.409,0.0
1.618,5.924,0.0
3.125,7.793,0.0
0.487,7.32,0.0
1,7.846,0.0
2.798,9.858,0.0
2.555,7.376,0.0
1.462,5.372,0.0
0.792,5.99,0.0
1.172,6.155,0.0
1.003,2.405,0.0
1.045,5.688,0.0
3.087,5.725,0.0
-0.295,4.793,0.0
1.176,2.045,0.0
1.411,7.413,0.0
1.801,8.156,0.0
3.158,5.897,0.0
0.134,7.186,0.0
4.706,6.771,0.0
1.532,6.447,0.0
0.588,4.689,0.0
-0.391,1.578,0.0
4.811,7.146,0.0
0.482,5.159,0.0
-1.1,2.849,0.0
0.447,7.858,0.0
2.195,6.166,0.0
0.996,4.71,0.0
0.616,10.119,0.0
0.656,3.795,0.0
1.157,5.43,0.0
0.91,2.216,0.0
1.497,11.101,0.0
2.423,3.225,0.0
-1.285,5.61,0.0
0.529,4.888,0.0
1.081,6.658,0.0
3.427,8.939,0.0
3.226,6.085,0.0
0.403,7.165,0.0
2.11,6.167,0.0
-0.3,3.848,0.0
3.391,5.353,0.0
0.838,8.131,0.0
-0.203,7.43,0.0
2.347,5.496,0.0
3.315,7.047,0.0
2.019,5.089,0.0
2.418,10.132,0.0
1.326,7.638,0.0
2.494,5.8,0.0
1.574,4.101,0.0
-0.126,4.777,0.0
1.268,7.439,0.0
1.082,3.483,0.0
0.872,6.829,0.0
-0.079,3.242,0.0
-0.832,6.082,0.0
0.846,6.754,0.0
1.823,5.306,0.0
-0.107,3.663,0.0
-1.592,2.562,0.0
0.141,0.532,0.0
0.245,5.789,0.0
2.898,7.521,0.0
2.569,4.321,0.0
2.31,3.186,0.0
1.847,6.538,0.0
4.042,8.314,0.0
0.845,7.705,0.0
0.858,3.52,0.0
-0.111,3.599,0.0
3.968,6.328,0.0
0.784,4.342,0.0
4.355,7.587,0.0
1.789,4.853,0.0
1.854,4.452,0.0
3.049,6.116,0.0
1.427,2.621,0.0
-0.616,2.442,0.0
0.262,1.73,0.0
0.744,5.472,0.0
3.198,6.758,0.0
0.967,6.673,0.0
0.814,10.953,0.0
2.678,6.57,0.0
0.118,6.668,0.0
2.033,8.606,0.0
0.853,5.931,0.0
1.19,5.793,0.0
2.839,5.022,0.0
1.046,6.811,0.0
2.954,7.25,0.0
2.093,7.929,0.0
3.461,5.915,0.0
1.556,6.685,0.0
0.553,0.475,0.0
0.471,3.033,0.0
2.515,4.996,0.0
-0.069,2.583,0.0
1.156,5.48,0.0
-0.178,3.431,0.0
0.22,3.84,0.0
1.674,7.206,0.0
-0.382,3.865,0.0
-0.052,7.337,0.0
0.668,4.966,0.0
0.957,7.509,0.0
2.224,7.489,0.0
1.741,9.283,0.0
3.895,6.646,0.0
0.88,3.413,0.0
0.775,7.236,0.0
1.275,5.563,0.0
-0.595,6.027,0.0
-0.831,4.006,0.0
2.415,4.896,0.0
0.417,4.309,0.0
0.878,6.638,0.0
0.932,10.816,0.0
-1.383,6.942,0.0
0.278,6.51,0.0
0.563,8.275,0.0
0.909,5.285,0.0
1.402,8.195,0.0
-0.622,8.328,0.0
2.494,2.968,0.0
2.539,10.665,0.0
0.692,1.247,0.0
-0.506,4.397,0.0
2.283,5.773,0.0
2.087,3.019,0.0
0.954,5.712,0.0
0.997,5.778,0.0
-0.027,4.826,0.0
-0.838,7.747,0.0
2.798,5.487,0.0
2.184,6.344,0.0
0.52,4.875,0.0
2.702,6.725,0.0
0.897,4.559,0.0
0.455,6.668,0.0
0.868,3.777,0.0
1.799,8.178,0.0
1.21,6.63,0.0
1.28,4.083,0.0
0.805,6.543,0.0
3.397,7.62,0.0
1.085,7.289,0.0
-0.345,0.678,0.0
2.242,6.138,0.0
2.084,5.17,0.0
-0.331,1.726,0.0
1.87,4.09,0.0
-0.683,5.505,0.0
2.383,7.2,0.0
1.215,6.268,0.0
-0.785,6.586,0.0
2.672,5.65,0.0
-0.982,4.943,0.0
1.033,6.336,0.0
0.409,5.341,0.0
1.922,5.035,0.0
-0.801,3.14,0.0
2.811,3.73,0.0
0.962,2.734,0.0
3.333,7.91,0.0
1.149,2.453,0.0
1.463,7.903,0.0
1.658,6.344,0.0
0.713,8.274,0.0
4.01,7.918,0.0
3.525,0.851,0.0
2.43,6.481,0.0
1.015,5.224,0.0
3.406,4.023,0.0
0.525,8.269,0.0
0.505,10.552,0.0
0.935,5.034,0.0
1.356,5.351,0.0
1.972,4.47,0.0
0.085,5.242,0.0
1.492,7.186,0.0
0.03,5.539,0.0
0.751,6.154,0.0
1.804,5.708,0.0
0.624,6.416,0.0
0.32,3.271,0.0
3.377,8.288,0.0
-1.505,3.232,0.0
2.62,10.479,0.0
2.409,4.229,0.0
-0.147,5.935,0.0
2.285,3.974,0.0
1.645,6.045,0.0
2.071,5.788,0.0
1.031,5.01,0.0
1.699,5.028,0.0
1.003,3.889,0.0
-0.051,3.926,0.0
2.218,5.26,0.0
1.386,5.058,0.0
1.085,8.157,0.0
2.277,5.948,0.0
1.346,5.507,0.0
1.485,6.679,0.0
0.469,3.197,0.0
1.966,12.002,0.0
-1.507,6.999,0.0
2.331,7.689,0.0
2.447,7.628,0.0
1.471,8.409,0.0
2.055,8.657,0.0
-1.01,3.414,0.0
3.116,8.246,0.0
-0.308,3.025,0.0
1.65,8.916,0.0
-0.029,4.482,0.0
-0.399,4.866,0.0
1.782,7.973,0.0
0.342,8.654,0.0
3.263,4.254,0.0
0.888,7.362,0.0
-0.041,3.613,0.0
-0.929,5.25,0.0
0.982,4.295,0.0
-0.9,9.147,0.0
1.569,3.677,0.0
2.582,7.001,0.0
1.736,6.188,0.0
-0.256,8.471,0.0
0.253,3.707,0.0
0.514,7.28,0.0
2.186,7.119,0.0
2.569,7.811,0.0
3.238,6.387,0.0
0.377,6.175,0.0
2.843,2.781,0.0
0.165,4.983,0.0
2.747,9.526,0.0
1.231,6.211,0.0
-2.797,5.717,0.0
-2.325,4.48,0.0
2.784,7.417,0.0
0.735,6.559,0.0
1.363,6.157,0.0
1.419,5.358,0.0
0.513,2.672,0.0
-2.806,4.693,0.0
0.518,3.979,0.0
1.89,9.869,0.0
0.687,5.811,0.0
3.381,4.536,0.0
0.78,5.321,0.0
1.403,9.51,0.0
-0.554,5.654,0.0
2.126,2.871,0.0
0.878,5.783,0.0
2.211,3.494,0.0
1.961,3.834,0.0
2.482,7.559,0.0
0.738,5.441,0.0
0.683,4.59,0.0
-1.019,8.104,0.0
3.251,13.225,0.0
1.485,4.829,0.0
-0.104,3.578,0.0
2.39,3.326,0.0
0.491,4.719,0.0
1.622,5.439,0.0
1.659,6.966,0.0
-1.134,2.474,0.0
1.456,4.545,0.0
1.307,5.565,0.0
0.472,5.222,0.0
1.421,7.937,0.0
2.441,7.034,0.0
-0.943,5.652,0.0
0.123,3.083,0.0
3.002,5.836,0.0
0.791,4.56,0.0
0.739,4.182,0.0
0.295,6.262,0.0
-0.33,5.937,0.0
0.189,7.208,0.0
3.547,6.569,0.0
1.085,5.655,0.0
1.076,6.63,0.0
1.257,9.048,0.0
3.308,8.795,0.0
1.182,4.126,0.0
0.995,6.787,0.0
2.144,3.759,0.0
1.231,5.498,0.0
2.88,9.374,0.0
0.25,5.25,0.0
1.076,4.833,0.0
0.904,4.156,0.0
0.663,7.046,0.0
1.752,7.254,0.0
1.221,7.026,0.0
0.497,3.395,0.0
2.885,6.605,0.0
1.718,5.076,0.0
1.595,8.313,0.0
0.185,0.912,0.0
2.008,6.061,0.0
-0.688,3.84,0.0
3.428,8.137,0.0
2.505,3.53,0.0
0.598,3.75,0.0
3.567,6.686,0.0
-1.515,4.812,0.0
1.969,7.447,0.0
2.678,5.861,0.0
1.768,3.722,0.0
2.087,7.547,0.0
2.972,6.005,0.0
2.076,8.735,0.0
2.521,10.667,0.0
0.474,6.604,0.0
3.323,4.608,0.0
2.871,8.968,0.0
-0.227,8.686,0.0
1.151,5.267,0.0
3.908,5.704,0.0
0.965,7.754,0.0
1.003,4.048,0.0
2.195,7.687,0.0
1.583,9.349,0.0
1.162,4.224,0.0
2.561,7.696,0.0
2.21,3.943,0.0
2.588,5.915,0.0
0.363,2.466,0.0
1.168,10.479,0.0
1.948,5.347,0.0
5.032,8.746,0.0
1.796,8.787,0.0
0.563,3.43,0.0
3.389,9.126,0.0
2.506,7.745,0.0
2.451,3.451,0.0
1.947,9.007,0.0
3.788,9.605,0.0
-0.203,6.012,0.0
2.718,10.185,0.0
1.758,3.349,0.0
2.129,9.952,0.0
1.442,9.669,0.0
1.416,4.843,0.0
1.835,5.811,0.0
0.28,2.431,0.0
1.128,7.788,0.0
1.253,6.801,0.0
1.426,9.223,0.0
2.635,6.026,0.0
2.104,5.097,0.0
1.329,7.839,0.0
2.435,6.879,0.0
1.319,9.299,0.0
1.429,5.453,0.0
1.512,4.663,0.0
0.912,5.227,0.0
-0.041,6.665,0.0
1.076,3.859,0.0
-0.374,3.587,0.0
-0.157,4.342,0.0
1.495,6.543,0.0
0.68,3.891,0.0
-0.194,4.023,0.0
0.752,3.769,0.0
0.698,8.749,0.0
2.351,6.164,0.0
1.69,4.725,0.0
0.708,5.975,0.0
1.462,3.663,0.0
1.633,10.372,0.0
2.604,8.593,0.0
0.006,5.597,0.0
2.253,6.128,0.0
2.183,5.807,0.0
-0.252,5.253,0.0
-1.303,3.271,0.0
0.047,7.395,0.0
0.543,7.254,0.0
1.944,5.374,0.0
2.697,6.574,0.0
2.101,6.188,0.0
0.01,3.778,0.0
-2.121,6.974,0.0
-0.611,2.111,0.0
2.16,5.004,0.0
1.629,5.185,0.0
2.117,7.12,0.0
1.972,5.217,0.0
2.168,5.866,0.0
2.014,4.163,0.0
1.452,3.788,0.0
0.746,4.986,0.0
-0.477,8.258,0.0
0.968,3.351,0.0
2.379,3.654,0.0
2.079,6.576,0.0
-0.139,6.365,0.0
2.717,8.115,0.0
1.218,6.675,0.0
0.466,4.806,0.0
2.078,6.53,0.0
2.183,5.083,0.0
2.186,8.19,0.0
2.573,4.007,0.0
0.861,3.549,0.0
-1.364,4.609,0.0
1.81,5.839,0.0
4.695,9.654,0.0
3.138,8.01,0.0
1.184,2.867,0.0
3.195,9.924,0.0
1.894,7.259,0.0
0.47,9.398,0.0
2.358,4.938,0.0
3.412,5.707,0.0
1.764,7.509,0.0
1.162,0.706,0.0
0.002,3.423,0.0
1.524,6.074,0.0
1.948,7.296,0.0
1.626,2.163,0.0
1.197,7.821,0.0
3.138,8.977,0.0
-0.952,5.77,0.0
-0.978,3.684,0.0
1.625,4.393,0.0
2.058,7.944,0.0
3.482,7.312,0.0
1.5,8.349,0.0
2.168,3.566,0.0
2.407,7.584,0.0
1.389,7.842,0.0
0.299,7.639,0.0
0.186,4.787,0.0
1.009,7.85,0.0
0.16,4.143,0.0
1.504,7.134,0.0
1.329,5.798,0.0
-1.01,6.765,0.0
2.592,5.471,0.0
0.227,7.103,0.0
1.516,4.321,0.0
3.135,5.621,0.0
1.996,6.457,0.0
4.141,6.225,0.0
0.799,4.599,0.0
0.363,3.903,0.0
0.66,5.543,0.0
1.857,7.507,0.0
3.735,5.449,0.0
-0.217,3.64,0.0
-0.582,0.367,0.0
2.887,4.485,0.0
0.942,7.671,0.0
1.035,3.788,0.0
2.944,7.042,0.0
2.847,4.073,0.0
2.195,0.175,0.0
0.583,5.675,0.0
2.984,6.571,0.0
2.317,9.268,0.0
1.7,4.534,0.0
1.913,2.43,0.0
0.201,6.324,0.0
2.849,11.228,0.0
4.718,12.016,0.0
0.277,6.043,0.0
3.558,8.699,0.0
2.175,8.741,0.0
0.594,5.839,0.0
1.688,7.285,0.0
-0.02,3.521,0.0
-0.411,4.545,0.0
0.927,6.132,0.0
2.063,3.771,0.0
1.498,6.737,0.0
1.452,8.466,0.0
-0.179,5.678,0.0
1.54,10.397,0.0
1.293,6.965,0.0
1.036,7.27,0.0
1.526,8.126,0.0
2.38,1.977,0.0
1.226,1.208,0.0
1.755,3.725,0.0
-0.31,1.78,0.0
0.728,3.178,0.0
0.667,2.578,0.0
1.049,5.776,0.0
2.187,5.176,0.0
3.269,3.969,0.0
3.621,9.022,0.0
1.51,8.666,0.0
2.821,8.12,0.0
0.459,4.563,0.0
3.998,7.897,0.0
-1.04,4.963,0.0
-0.641,5.095,0.0
2.906,9.531,0.0
1.613,10.048,0.0
1.311,4.783,0.0
0.813,6.379,0.0
1.244,4.404,0.0
-1.949,3.006,0.0
1.371,6.709,0.0
1.034,6.934,0.0
-0.987,5.13,0.0
3.038,6.537,0.0
-0.08,4.913,0.0
2.761,4.739,0.0
1.337,3.595,0.0
1.819,7.876,0.0
0.436,5.185,0.0
2.822,9.541,0.0
2.888,6.934,0.0
0.686,8.151,0.0
3.122,6.837,0.0
2.302,6.857,0.0
1.955,3.976,0.0
2.216,6.917,0.0
0.74,5.815,0.0
1.04,3.597,0.0
0.779,4.231,0.0
1.583,3.925,0.0
1.34,4.062,0.0
1.163,6.198,0.0
0.635,2.718,0.0
1.564,5.193,0.0
-0.293,2.057,0.0
2.29,6.134,0.0
-0.735,4.166,0.0
0.769,5.671,0.0
1.89,6.715,0.0
3.436,7.364,0.0
1.78,3.729,0.0
0.972,5.703,0.0
1.631,9.067,0.0
0.2,3.003,0.0
0.008,5.729,0.0
0.512,5.95,0.0
0.674,2.436,0.0
-1.656,4.967,0.0
2.743,7.651,0.0
1.788,6.428,0.0
-1.389,5.015,0.0
0.31,4.887,0.0
1.774,6.917,0.0
0.773,6.813,0.0
1.815,5.546,0.0
0.866,7.369,0.0
2.756,8.187,0.0
0.595,6.454,0.0
0.739,4.338,0.0
-0.693,4.765,0.0
1.613,2.739,0.0
2.535,3.983,0.0
1.701,7.616,0.0
0.284,7.964,0.0
1.413,5.614,0.0
1.325,7.685,0.0
3.393,5.998,0.0
1.939,4.733,0.0
-0.044,8.099,0.0
3.76,8.875,0.0
0.466,7.001,0.0
2.993,5.253,0.0
2.178,3.216,0.0
-0.137,8.059,0.0
0.078,3.647,0.0
1.586,4.293,0.0
-1.32,1.18,0.0
1.584,5.025,0.0
1.398,4.517,0.0
1.345,6.087,0.0
0.875,4.853,0.0
1.198,6.436,0.0
3.092,8.23,0.0
3.104,4.686,0.0
1.02,4.431,0.0
1.137,5.777,0.0
0.322,3.868,0.0
0.263,5.868,0.0
1.589,5.572,0.0
0.57,4.2,0.0
0.685,7.214,0.0
0.178,6.782,0.0
2.754,6.145,0.0
0.92,9.442,0.0
2.838,6.245,0.0
2.669,8.941,0.0
0.936,8.858,0.0
3.754,9.978,0.0
2.342,5.331,0.0
0.723,5.478,0.0
2.817,7.677,0.0
4.032,9.797,0.0
-1.696,5.828,0.0
1.117,6.388,0.0
2.119,6.542,0.0
2.355,5.677,0.0
2.394,6.504,0.0
2.092,6.51,0.0
0.456,7.671,0.0
-0.087,6.051,0.0
3.242,8.973,0.0
3.189,4.152,0.0
2.338,8.876,0.0
0.293,3.95,0.0
-0.759,2.532,0.0
2.285,4.393,0.0
1.765,8.99,0.0
3.376,6.27,0.0
-0.087,11.833,0.0
0.937,4.287,0.0
3.032,6.731,0.0
1.467,5.254,0.0
1.718,8.22,0.0
-0.16,4.315,0.0
1.762,3.284,0.0
0.1,4.801,0.0
1.735,5.824,0.0
1.057,6.33,0.0
-1.026,2.291,0.0
-1.626,5.048,0.0
0.41,4.89,0.0
1.323,5.877,0.0
2.531,7.245,0.0
-1.199,6.877,0.0
1.66,4.455,0.0
-1.056,4.035,0.0
-0.545,4.768,0.0
0.371,6.834,0.0
-1.818,3.589,0.0
-1.448,3.337,0.0
0.746,4.697,0.0
4.026,7.1,0.0
-0.976,5.213,0.0
0.541,5.266,0.0
2.243,4.911,0.0
2.416,3.604,0.0
1.086,4.282,0.0
2.561,4.532,0.0
2.833,3.193,0.0
0.107,3.126,0.0
0.791,6.495,0.0
-0.19,5.424,0.0
2.519,7.851,0.0
2.008,8.137,0.0
-0.812,6.72,0.0
1.226,5.747,0.0
1.033,3.254,0.0
-0.65,6.402,0.0
-0.121,5.685,0.0
3.311,7.546,0.0
0.587,5.532,0.0
2.778,4.961,0.0
-0.847,2.874,0.0
0.578,5.39,0.0
4.326,7.461,0.0
0.236,6.607,0.0
0.532,8.481,0.0
0.693,3.912,0.0
3.536,6.535,0.0
1.258,3.824,0.0
1.989,2.028,0.0
0.925,3.127,0.0
2.595,7.44,0.0
0.307,3.038,0.0
1.071,6.645,0.0
1.873,9.82,0.0
0.113,5.71,0.0
0.011,2.765,0.0
0.367,6.571,0.0
0.743,1.634,0.0
1.816,5.45,0.0
2.995,8.194,0.0
-0.85,4.359,0.0
1.518,5.702,0.0
0.547,5.638,0.0
-2.207,2.989,0.0
1.89,5.951,0.0
1.207,1.743,0.0
0.906,8.323,0.0
-0.248,5.451,0.0
2.916,6.772,0.0
2.953,3.992,0.0
1.283,3.143,0.0
4.526,10.961,0.0
1.338,6.176,0.0
1.671,4.685,0.0
2.082,4.715,0.0
1.323,5.176,0.0
2.183,4.535,0.0
2.078,9.75,0.0
-0.899,6.523,0.0
1.426,2.367,0.0
-0.249,5.412,0.0
1.826,4.483,0.0
1.607,5.467,0.0
-0.045,6.151,0.0
1.621,4.016,0.0
1.174,3.761,0.0
-0.13,6.121,0.0
-0.418,5.099,0.0
2.842,4.403,0.0
2.228,9.282,0.0
0.356,7.148,0.0
2.119,9.157,0.0
-0.805,5.59,0.0
0.561,10.833,0.0
1.143,5.692,0.0
0.629,8.138,0.0
2.257,6.49,0.0
-0.363,4.244,0.0
1.219,3.751,0.0
1.701,5.582,0.0
0.579,4.64,0.0
2.483,5.074,0.0
1.157,4.159,0.0
2.105,9.675,0.0
3.534,8.929,0.0
0.87,7.78,0.0
1.391,5.376,0.0
1.943,7.419,0.0
4.298,10.976,0.0
1.446,7.243,0.0
-0.158,5.537,0.0
1.778,6.444,0.0
3.331,-1.334,0.0
2.112,10.29,0.0
0.378,5.71,0.0
0.709,2.957,0.0
2.203,8.051,0.0
1.539,4.899,0.0
-0.147,5.97,0.0
1.183,4.821,0.0
1.334,5.475,0.0
0.909,6.946,0.0
1.778,4.337,0.0
1.98,2.794,0.0
2.588,1.978,0.0
-0.657,4.053,0.0
0.967,7.273,0.0
-0.692,10.261,0.0
0.786,3.784,0.0
1.17,9.633,0.0
0.723,4.775,0.0
2.359,9.44,0.0
0.658,5.541,0.0
1.298,3.985,0.0
1.814,4.746,0.0
1.403,5.06,0.0
0.109,4.975,0.0
0.884,6.453,0.0
1.186,5.33,0.0
0.998,8.624,0.0
1.432,8.458,0.0
1.696,5.018,0.0
1.082,3.202,0.0
2.572,4.417,0.0
-0.145,3.046,0.0
0.174,3.248,0.0
-0.031,1.65,0.0
0.543,6.568,0.0
2.293,3.914,0.0
0.014,9.423,0.0
-1.136,3.189,0.0
0.795,4.431,0.0
0.391,3.75,0.0
2.882,6.743,0.0
0.077,4.794,0.0
-1.435,3.13,0.0
1.335,4.692,0.0
1.339,3.919,0.0
2.215,9.906,0.0
-0.256,6.678,0.0
0.698,7.461,0.0
3.414,7.032,0.0
2.006,6.825,0.0
2.23,2.903,0.0
0.786,8.032,0.0
1.74,6.027,0.0
2.843,5.436,0.0
2.732,4.84,0.0
0.984,5.734,0.0
0.015,2.801,0.0
0.522,4.647,0.0
2.429,6.264,0.0
2.78,4.819,0.0
0.026,5.456,0.0
1.684,5.005,0.0
1.016,8.318,0.0
2.498,3.55,0.0
0.629,7.073,0.0
2.033,5.996,0.0
1.455,4.656,0.0
1.344,4.638,0.0
0.418,7.639,0.0
2.944,7.562,0.0
1.983,5.738,0.0
3.795,8.995,0.0
1.705,4.223,0.0
1.904,6.688,0.0
0.93,8.63,0.0
0.927,7.674,0.0
1.014,8.175,0.0
2.74,5.702,0.0
-0.223,6.38,0.0
0.742,8.059,0.0
-1.107,6.832,0.0
0.843,7.516,0.0
2.009,6.617,0.0
1.679,7.832,0.0
1.359,7.137,0.0
1.746,7.503,0.0
1.002,7.167,0.0
1.608,3.995,0.0
-2.058,3.676,0.0
0.722,4.114,0.0
2.782,5.89,0.0
1.21,2.603,0.0
4.627,7.196,0.0
0.509,7.057,0.0
1.119,4.646,0.0
1.63,8.333,0.0
0.234,2.803,0.0
1.766,2.165,0.0
-0.162,3.299,0.0
-0.59,2.735,0.0
3.307,5.874,0.0
2.255,5.227,0.0
2.842,6.372,0.0
0.829,5.296,0.0
-0.511,5.764,0.0
2.238,5.029,0.0
1.823,5.461,0.0
0.524,8.704,0.0
0.525,3.444,0.0
3.119,7.705,0.0
2.753,8.612,0.0
-0.16,3.269,0.0
1.644,4.021,0.0
1.41,4.779,0.0
2.043,6.083,0.0
0.517,2.119,0.0
3.678,4.075,0.0
1.676,7.187,0.0
1.364,8.403,0.0
1.823,7.015,0.0
-0.795,6.838,0.0
0.704,5.781,0.0
2.668,3.163,0.0
-0.488,7.509,0.0
2.095,6.984,0.0
1.234,9.69,0.0
2.423,7.927,0.0
2.182,7.031,0.0
0.071,3.771,0.0
-1.445,3.406,0.0
2.909,5.364,0.0
3.05,3.898,0.0
2.836,5.117,0.0
0.717,6.863,0.0
3.427,7.613,0.0
0.251,8.217,0.0
1.232,7.345,0.0
1.881,7.734,0.0
1.879,4.713,0.0
2.402,5.678,0.0
0.345,7.688,0.0
1.49,8.338,0.0
3.288,7.317,0.0
0.882,6.99,0.0
2.004,3.413,0.0
1.986,6.852,0.0
-1.007,2.219,0.0
1.892,1.465,0.0
2.156,8.555,0.0
-1.423,9.524,0.0
1.865,6.297,0.0
3.066,8.851,0.0
0.891,7.522,0.0
1.405,6.159,0.0
1.063,5.408,0.0
-0.229,6.521,0.0
2.221,6.391,0.0
2.179,7.567,0.0
2.523,5.61,0.0
2.339,5.978,0.0
1.885,4.455,0.0
2.001,4.967,0.0
1.693,5.751,0.0
-1.632,3.96,0.0
3.557,5.991,0.0
-0.346,6.13,0.0
3.996,7.719,0.0
1.233,1.882,0.0
1.005,5.086,0.0
1.591,4.045,0.0
3.127,6.412,0.0
1.008,4.151,0.0
1.563,3.652,0.0
0.988,7.812,0.0
2.445,2.994,0.0
2.511,7.718,0.0
0.455,4.8,0.0
2.333,8.043,0.0
4.558,7.616,0.0
0.187,4.11,0.0
3.4,6.177,0.0
-1.013,4.437,0.0
8.697,3.869,1.0
9.225,3.296,1.0
7.091,4.923,1.0
10.531,5.418,1.0
9.86,3.994,1.0
8.741,3.29,1.0
8.531,4.617,1.0
9.411,5.255,1.0
9.097,5.439,1.0
7.891,1.898,1.0
10.306,5.703,1.0
9.509,4.731,1.0
10.247,3.297,1.0
8.995,4.208,1.0
6.738,1.101,1.0
11.037,4.064,1.0
9.161,4.314,1.0
8.211,3.209,1.0
7.359,4.734,1.0
7.999,4.329,1.0
10.002,5.355,1.0
7.14,4.739,1.0
11.254,4.063,1.0
7.833,2.432,1.0
7.578,1.526,1.0
7.742,1.701,1.0
7.804,2.958,1.0
10.869,3.545,1.0
8.077,4.654,1.0
6.643,3.514,1.0
9.113,4.581,1.0
10.011,3.369,1.0
9.746,5.278,1.0
6.466,1.576,1.0
8.341,1.748,1.0
8.232,1.621,1.0
9.909,3.521,1.0
9.344,3.33,1.0
9.033,4.13,1.0
8.702,5.075,1.0
7.459,1.501,1.0
9.851,5.669,1.0
9.199,4.333,1.0
10.206,3.14,1.0
10.416,6.24,1.0
7.141,3.084,1.0
8.36,3.851,1.0
9.979,4.159,1.0
10.481,4.977,1.0
9.251,3.754,1.0
11.005,4.973,1.0
6.842,1.696,1.0
7.984,3.531,1.0
6.276,2.283,1.0
7.604,3.457,1.0
10.454,5.991,1.0
8.63,4.98,1.0
11.118,5.831,1.0
10.187,4.911,1.0
10.546,4.388,1.0
8.72,3.153,1.0
5.987,2.403,1.0
8.451,4.141,1.0
8.438,3.613,1.0
7.844,2.247,1.0
8.274,5.094,1.0
7.783,1.97,1.0
6.681,2.957,1.0
9.637,4.846,1.0
9.562,3.839,1.0
10.619,4.352,1.0
6.182,2.409,1.0
8.498,3.138,1.0
7.36,1.825,1.0
6.612,2.068,1.0
6.32,2.84,1.0
8.16,3.975,1.0
7.947,2.788,1.0
8.865,5.37,1.0
7.156,2.091,1.0
7.21,2.191,1.0
8.044,0.762,1.0
9.857,3.987,1.0
7.931,3.118,1.0
9.659,4.693,1.0
6.896,3.35,1.0
7.643,3.54,1.0
12.187,5.377,1.0
7.769,3.957,1.0
8.661,3.474,1.0
7.323,3.49,1.0
6.487,1.84,1.0
9.609,4.772,1.0
6.76,3.622,1.0
11.173,4.297,1.0
9.267,3.954,1.0
10.371,5.532,1.0
10.256,4.482,1.0
8.982,5.05,1.0
10.115,5.351,1.0
8.505,4.003,1.0
5.607,3.663,1.0
7.906,1.853,1.0
9.675,2.783,1.0
7.507,3.039,1.0
7.36,2.433,1.0
9.413,4.411,1.0
7.703,2.311,1.0
9.797,5.213,1.0
9.552,5.827,1.0
7.916,3.37,1.0
8.608,4.224,1.0
12.29,6.049,1.0
7.707,4.708,1.0
6.739,2.704,1.0
7.448,2.318,1.0
10.094,6.275,1.0
7.32,2.105,1.0
8.155,2.158,1.0
7.461,2.118,1.0
6.326,1.348,1.0
8.383,4.674,1.0
9.206,5.033,1.0
6.727,3.316,1.0
8.534,5.318,1.0
8.354,4.83,1.0
11.062,6.892,1.0
8.245,4.03,1.0
9.605,4.371,1.0
8.807,3.13,1.0
8.967,4.462,1.0
6.71,4.096,1.0
9.795,4.603,1.0
6.601,3.27,1.0
8.639,5.13,1.0
10.889,5.147,1.0
11,4.806,1.0
8.343,5.394,1.0
8.958,4.476,1.0
7.76,2.674,1.0
7.937,2.617,1.0
7.151,2.357,1.0
8.55,3.379,1.0
9.075,4.333,1.0
12.353,5.29,1.0
6.581,2.796,1.0
9.401,5.455,1.0
7.815,2.094,1.0
6.453,3.664,1.0
8.469,4.753,1.0
9.206,4.369,1.0
9.369,4.457,1.0
9.099,4.814,1.0
9.061,3.176,1.0
8.567,5.005,1.0
10.906,6.731,1.0
10.25,5.546,1.0
8.599,4.302,1.0
10.068,4.655,1.0
9.889,5.737,1.0
10.944,4.86,1.0
8.013,4.139,1.0
9.474,3.973,1.0
10.414,5.701,1.0
12.836,6.654,1.0
7.6,4.067,1.0
9.869,5.003,1.0
9.607,4.879,1.0
8.877,3.218,1.0
9.589,2.84,1.0
9.439,5.062,1.0
9.223,2.848,1.0
9.755,5.607,1.0
8.768,3.726,1.0
9.175,2.894,1.0
8.732,4.553,1.0
9.454,3.32,1.0
9.865,2.727,1.0
10.834,3.543,1.0
8.088,2.693,1.0
11.443,4.782,1.0
6.858,1.906,1.0
11.198,5.785,1.0
8.111,3.325,1.0
10.133,3.653,1.0
8.431,4.455,1.0
6.198,3.098,1.0
6.798,3.592,1.0
9.029,3.721,1.0
8.368,4.192,1.0
10.483,4.942,1.0
9.622,4.02,1.0
9.371,4.117,1.0
13.228,6.284,1.0
6.847,4.179,1.0
8.216,3.28,1.0
8.717,3.894,1.0
10.355,4.885,1.0
11.498,5.993,1.0
10.172,4.723,1.0
8.444,3.672,1.0
8.937,4.088,1.0
6.702,0.975,1.0
8.966,5.259,1.0
7.756,1.961,1.0
6.685,1.632,1.0
5.925,3.731,1.0
9.942,5.318,1.0
8.371,4.028,1.0
10.091,5.599,1.0
9.085,1.569,1.0
6.566,2.003,1.0
9.134,2.889,1.0
7.624,2.388,1.0
8.644,3.517,1.0
9.125,4.771,1.0
9.219,5.062,1.0
8.186,4.839,1.0
7.94,4.389,1.0
8.952,4.506,1.0
7.608,1.601,1.0
7.863,4.264,1.0
7.074,4.205,1.0
9.204,4.525,1.0
7.934,3.814,1.0
7.8,3.157,1.0
7.234,2.069,1.0
7.67,3.333,1.0
7.659,5.009,1.0
8.202,3.657,1.0
8.493,4.727,1.0
7.365,1.459,1.0
9.309,3.984,1.0
10.843,3.784,1.0
9.918,6.024,1.0
9.086,5.344,1.0
10.42,5.505,1.0
12.424,4.292,1.0
9.313,4.9,1.0
8.115,2.757,1.0
9.198,3.93,1.0
10.188,5.194,1.0
7.851,4.646,1.0
10.001,4.481,1.0
7.618,3.907,1.0
9.907,5.476,1.0
11.1,3.081,1.0
8.252,4.422,1.0
7.938,1.826,1.0
6.964,2.957,1.0
9.671,5.048,1.0
9.991,5.272,1.0
7.691,2.637,1.0
11.489,6.31,1.0
5.721,1.684,1.0
9.214,4.039,1.0
9.427,5.231,1.0
9.544,2.662,1.0
9.4,4.847,1.0
12.03,6.627,1.0
7.321,2.977,1.0
3.229,1.113,1.0
7.274,3.29,1.0
10.132,5.566,1.0
7.965,3.021,1.0
10.934,4.264,1.0
6.739,3.275,1.0
8.408,4.191,1.0
9.053,3.798,1.0
6.621,2.001,1.0
8.765,4.44,1.0
8.353,2.968,1.0
8.814,4.103,1.0
6.995,3.127,1.0
9.191,4.816,1.0
6.357,3.137,1.0
8.195,4.651,1.0
8.103,3.613,1.0
7.894,3.783,1.0
6.615,2.767,1.0
8.644,3.36,1.0
7.973,3.743,1.0
9.281,3.28,1.0
9.178,4.049,1.0
9.382,4.522,1.0
8.799,4.872,1.0
8.822,5.527,1.0
7.894,2.935,1.0
8.904,4.63,1.0
10.121,2.966,1.0
7.881,3.995,1.0
8.308,3.026,1.0
7.968,3.454,1.0
10.716,6.389,1.0
6.536,2.361,1.0
8.939,5.629,1.0
9.306,4.984,1.0
8.04,3.726,1.0
8.757,3.926,1.0
8.796,5.095,1.0
10.623,6.543,1.0
11.698,5.238,1.0
8.479,3.614,1.0
8.722,5.116,1.0
7.473,3.138,1.0
10.972,5.526,1.0
10.816,6.259,1.0
7.411,3.024,1.0
8.182,3.616,1.0
9.081,5.152,1.0
5.598,3.145,1.0
9.018,2.145,1.0
8.246,3.89,1.0
10.202,5.397,1.0
8.545,3.504,1.0
7.164,4.556,1.0
8.407,4.964,1.0
6.507,3.826,1.0
8.632,4.755,1.0
9.993,3.406,1.0
8.879,4.944,1.0
8.939,5.545,1.0
9.016,4.095,1.0
8.809,4.193,1.0
9.172,3.109,1.0
10.734,4.319,1.0
8.75,4.893,1.0
7.317,1.826,1.0
8.683,3.26,1.0
7.168,1.7,1.0
8.585,3.438,1.0
11.306,6.745,1.0
7.773,3.721,1.0
8.954,4.905,1.0
8.721,2.845,1.0
5.85,3.542,1.0
9.577,3.14,1.0
9.867,4.902,1.0
9.795,4.303,1.0
10.06,4.634,1.0
10.541,5.754,1.0
9.783,3.551,1.0
8.469,2.072,1.0
8.107,6.547,1.0
11.79,5.848,1.0
9.362,4.322,1.0
8.357,3.172,1.0
12.569,4.628,1.0
9.78,3.469,1.0
9.289,3.21,1.0
7.963,3.2,1.0
10.421,3.992,1.0
9.922,5.416,1.0
8.138,2.775,1.0
10.828,6.658,1.0
8.8,4.698,1.0
6.576,0.885,1.0
9.307,6.565,1.0
6.796,4.48,1.0
9.479,6.237,1.0
11.214,5.167,1.0
9.827,3.878,1.0
7.778,3.594,1.0
8.791,3.976,1.0
6.641,2.176,1.0
9.774,4.074,1.0
5.259,3.034,1.0
7.406,1.855,1.0
10.589,3.775,1.0
9.36,4.929,1.0
8.81,3.078,1.0
8.798,4.255,1.0
9.89,4.602,1.0
7.808,1.822,1.0
10.459,5.044,1.0
7.889,2.843,1.0
8.317,2.795,1.0
6.988,4.388,1.0
8.751,4.568,1.0
8.15,4.011,1.0
7.889,2.999,1.0
7.327,3.461,1.0
8.072,3.916,1.0
11.9,6.17,1.0
8.773,4.715,1.0
9.22,5.133,1.0
8.264,2.077,1.0
7.81,4.444,1.0
10.426,2.66,1.0
9.05,3.006,1.0
9.411,3.25,1.0
10.579,5.043,1.0
6.734,3.843,1.0
7.101,1.508,1.0
7.473,4.467,1.0
9.532,4.376,1.0
7.747,2.631,1.0
8.994,2.868,1.0
8.489,4.592,1.0
9.789,4.34,1.0
10.153,3.899,1.0
9.618,5.011,1.0
8.445,5.261,1.0
9.338,4.678,1.0
7.328,2.689,1.0
8.084,4.235,1.0
9.41,4.13,1.0
8.906,3.19,1.0
8.417,3.898,1.0
8.879,4.433,1.0
6.525,3.919,1.0
11.334,2.896,1.0
8.179,2.597,1.0
9.357,4.492,1.0
8.06,3.838,1.0
7.797,3.831,1.0
10.102,4.634,1.0
8.139,3.111,1.0
10.799,5.517,1.0
9.628,2.74,1.0
9.098,4.262,1.0
9.44,4.964,1.0
6.764,3.679,1.0
8.88,3.676,1.0
8.934,3.815,1.0
9.686,4.884,1.0
7.567,1.915,1.0
10.596,5.397,1.0
7.27,3.437,1.0
9.963,4.843,1.0
11.183,5.975,1.0
7.584,2.434,1.0
9.314,3.315,1.0
10.685,4.362,1.0
7.106,1.705,1.0
7.265,1.563,1.0
9.492,4.021,1.0
8.981,3.431,1.0
8.725,1.362,1.0
8.111,4.023,1.0
8.17,4.152,1.0
9.065,4.328,1.0
5.092,3.603,1.0
7.61,2.697,1.0
9.685,3.649,1.0
11.826,6.401,1.0
10.394,5.221,1.0
8.716,3.128,1.0
7.634,3.697,1.0
8.737,4.712,1.0
8.661,4.756,1.0
7.664,4.402,1.0
7.847,4.327,1.0
10.089,2.782,1.0
8.866,3.354,1.0
12.343,6.09,1.0
9.721,4.477,1.0
10.159,4.518,1.0
8.459,4.872,1.0
9.178,5.548,1.0
8.366,4.535,1.0
6.857,1.395,1.0
8.968,3.705,1.0
9.127,3.186,1.0
6.722,3.804,1.0
5.653,1.938,1.0
8.646,3.311,1.0
5.896,1.479,1.0
7.857,3.844,1.0
9.323,2.019,1.0
9.283,3.502,1.0
8.824,5.111,1.0
7.031,3.367,1.0
9.311,4.758,1.0
4.409,1.449,1.0
9.765,2.988,1.0
11.253,6.218,1.0
8.663,3.963,1.0
10.202,3.444,1.0
7.236,3.953,1.0
8.008,2.49,1.0
8.833,5.512,1.0
8.934,3.83,1.0
7.103,1.781,1.0
7.086,1.761,1.0
10.555,6.152,1.0
7.501,2.852,1.0
10.194,3.71,1.0
11.165,5.391,1.0
6.662,1.714,1.0
6.305,1.839,1.0
8.414,2.005,1.0
9.629,5.379,1.0
7.202,4.401,1.0
9.744,4.514,1.0
6.941,2.786,1.0
8.811,4.176,1.0
8.802,2.754,1.0
8.372,3.826,1.0
8.996,3.956,1.0
10.541,3.828,1.0
9.268,3.112,1.0
8.398,2.142,1.0
8.224,4.064,1.0
9.496,5.143,1.0
9.209,4.366,1.0
9.126,3.701,1.0
5.579,2.937,1.0
9.741,5.661,1.0
5.752,2.304,1.0
8.165,3.47,1.0
6.219,2.475,1.0
9.068,6.022,1.0
10.744,4.882,1.0
9.926,4.684,1.0
6.778,2.398,1.0
8.081,2.625,1.0
11.016,4.629,1.0
11.172,5.853,1.0
6.695,2.646,1.0
9.526,3.887,1.0
9.971,4.006,1.0
6.363,2.043,1.0
11.035,5.853,1.0
11.44,5.576,1.0
10.348,3.977,1.0
11.142,4.403,1.0
8.335,1.938,1.0
4.941,1.538,1.0
9.683,4.587,1.0
8.625,3.339,1.0
7.457,3.677,1.0
7.749,3.631,1.0
7.794,2.949,1.0
7.207,3.126,1.0
8.593,3.296,1.0
8.564,4.36,1.0
10.047,4.415,1.0
8.369,4.207,1.0
9.058,2.177,1.0
8.724,3.791,1.0
7.154,4.883,1.0
8.702,2.002,1.0
11.525,5.985,1.0
10.296,6.189,1.0
8.236,4.945,1.0
8.776,5.084,1.0
10.185,4.772,1.0
8.652,3.35,1.0
8.287,3.256,1.0
7.316,3.131,1.0
9.148,3.537,1.0
9.984,2.429,1.0
7.453,2.421,1.0
5.505,3.388,1.0
9.59,4.412,1.0
9.522,5.601,1.0
10.808,4.559,1.0
8.943,3.998,1.0
7.445,2.845,1.0
8.159,4.134,1.0
10.193,3.34,1.0
7.745,3.324,1.0
7.52,2.661,1.0
9.398,4.29,1.0
8.863,4.314,1.0
8.065,3.258,1.0
7.773,3.68,1.0
9.128,3.644,1.0
8.875,4.781,1.0
8.278,2.526,1.0
10.374,5.031,1.0
7.823,3.182,1.0
8.525,4.124,1.0
9.666,5.029,1.0
9.804,2.996,1.0
10.105,3.474,1.0
7.804,2.783,1.0
7.287,4.493,1.0
9.126,5.478,1.0
7.156,4.687,1.0
8.569,2.951,1.0
6.311,3.541,1.0
6.928,3.481,1.0
8.177,6.09,1.0
8.679,4.849,1.0
8.958,3.542,1.0
10.129,5.376,1.0
8.438,1.547,1.0
9.311,6.279,1.0
8.398,4.699,1.0
10.179,4.548,1.0
8.089,3.442,1.0
8.017,2.64,1.0
10.661,4.482,1.0
10.014,4.183,1.0
8.2,2.626,1.0
6.207,2.187,1.0
7.554,3.084,1.0
8.106,4.93,1.0
11.105,4.489,1.0
9.737,3.228,1.0
8.424,3.172,1.0
7.666,2.49,1.0
9.289,4.23,1.0
8.15,5.81,1.0
10.969,4.798,1.0
8.491,4.759,1.0
9.208,5.297,1.0
8.984,4.569,1.0
9.314,3.349,1.0
9.373,2.907,1.0
9.033,2.648,1.0
9.887,4.156,1.0
7.043,3.155,1.0
8.201,5.28,1.0
7.959,1.807,1.0
10.427,5.669,1.0
8.087,2.677,1.0
6.26,1.49,1.0
9.131,5.584,1.0
9.094,4.779,1.0
8.459,3.245,1.0
9.123,4.169,1.0
7.492,2.629,1.0
8.905,5.774,1.0
10.189,4.417,1.0
9.418,2.322,1.0
7.729,2.476,1.0
11.517,4.827,1.0
8.476,4.266,1.0
8.003,3.89,1.0
9.677,3.635,1.0
8.954,2.868,1.0
11.975,5.999,1.0
7.731,2.239,1.0
9.204,3.542,1.0
8.933,7.185,1.0
11.168,3.58,1.0
6.432,1.444,1.0
9.597,5.484,1.0
8.205,2.929,1.0
12.202,4.776,1.0
10.448,3.785,1.0
11.613,5.581,1.0
7.769,2.197,1.0
8.525,2.776,1.0
9.502,4.979,1.0
9.763,5.265,1.0
9.263,3.403,1.0
9.537,2.897,1.0
7.071,3.791,1.0
8.524,3.596,1.0
7.347,3.116,1.0
8.872,4.343,1.0
7.487,3.568,1.0
9.353,4.198,1.0
8.252,3.718,1.0
8.949,2.326,1.0
7.78,3.044,1.0
8.911,5.994,1.0
6.614,5.782,1.0
12.14,6.395,1.0
9.939,4.085,1.0
7.428,1.272,1.0
9.704,4.596,1.0
11.113,3.857,1.0
5.928,3.249,1.0
10.244,3.666,1.0
10.264,4.018,1.0
7.046,3.511,1.0
9.701,4.44,1.0
8.244,4.028,1.0
7.144,4.026,1.0
6.028,2.079,1.0
10.112,4.391,1.0
9.056,4.179,1.0
8.198,4.639,1.0
7.748,2.979,1.0
7.101,1.398,1.0
8.534,3.593,1.0
6.811,3.252,1.0
6.899,2.495,1.0
7.127,4.256,1.0
7.345,3.379,1.0
8.007,1.703,1.0
9.595,3.23,1.0
7.324,2.422,1.0
8.089,2.756,1.0
8.618,3.843,1.0
12.587,3.964,1.0
9.994,3.966,1.0
10.044,4.656,1.0
7.395,1.732,1.0
8.216,4.681,1.0
7.945,2.044,1.0
8.213,4.041,1.0
9.001,3.638,1.0
9.713,4.723,1.0
10.244,5.47,1.0
7.131,2.459,1.0
7.632,4.026,1.0
8.597,5.625,1.0
8.729,3.142,1.0
7.534,3.891,1.0
8.812,2.577,1.0
8.609,3.495,1.0
8.115,2.568,1.0
7.379,1.472,1.0
8.476,3.505,1.0
7.655,2.511,1.0
8.077,4.595,1.0
7.933,3.137,1.0
9.186,5.287,1.0
12.009,3.52,1.0
9.554,3.023,1.0
8.62,4.474,1.0
10.123,5.186,1.0
9.136,4.911,1.0
8.101,3.073,1.0
5.271,3.357,1.0
8.728,4.132,1.0
7.766,4.509,1.0
8.396,3.199,1.0
8.63,4.213,1.0
10.585,5.28,1.0
8.441,4.966,1.0
5.714,0.022,1.0
10.713,3.064,1.0
9.917,3.547,1.0
8.693,3.066,1.0
7.385,4.207,1.0
8.902,3.005,1.0
6.696,2.965,1.0
7.174,2.337,1.0
7.636,3.097,1.0
9.539,3.163,1.0
7.255,2.774,1.0
6.946,4.701,1.0
10.36,5.487,1.0
7.889,2.679,1.0
8.384,4.903,1.0
7.94,3.752,1.0
8.301,4.517,1.0
8.523,3.499,1.0
6.276,2.754,1.0
8.069,3.113,1.0
7.126,3.122,1.0
7.19,3.385,1.0
6.48,1.718,1.0
6.588,2.039,1.0
6.899,2.095,1.0
10.891,5.379,1.0
7.391,4.245,1.0
8.888,2.012,1.0
8.697,3.969,1.0
9.161,5.65,1.0
7.305,2.299,1.0
11.21,5.806,1.0
9.69,4.452,1.0
8.315,3.052,1.0
8.945,2.21,1.0
10.636,3.963,1.0
8.394,3.692,1.0
5.472,2.109,1.0
10.559,3.487,1.0
12.007,5.066,1.0
5.957,2.287,1.0
7.954,4.419,1.0
7.831,2.523,1.0
11.465,3.902,1.0
7.738,4.624,1.0
8.807,4.259,1.0
8.018,2.61,1.0
9.937,4.276,1.0
8.041,2.091,1.0
8.304,3.341,1.0
7.557,3.184,1.0
5.718,2.236,1.0
9.608,4.505,1.0
7.601,2.701,1.0
9.14,5.273,1.0
8.688,3.434,1.0
9.686,4.045,1.0
6.78,3.61,1.0
8.641,2.703,1.0
7.789,3.615,1.0
8.845,3.141,1.0
9.098,3.635,1.0
10.225,4.387,1.0
8.804,5.966,1.0
9.953,4.003,1.0
8.695,4.68,1.0
10.163,3.731,1.0
8.64,3.969,1.0
7.709,2.755,1.0
8.094,3.459,1.0
8.541,3.829,1.0
7.04,3.715,1.0
9.408,4.715,1.0
8.452,2.671,1.0
11.182,4.864,1.0
9.6,5.189,1.0
9.897,3.7,1.0
8.657,3.923,1.0
9.659,4.247,1.0
11.006,5.012,1.0
7.061,2.608,1.0
9.426,3.451,1.0
10.497,5.321,1.0
7.911,3.801,1.0
8.018,3.002,1.0
11.76,5.576,1.0
8.821,3.863,1.0
7.909,3.243,1.0
9.246,4.153,1.0
7.22,4.441,1.0
9.063,3.106,1.0
8.733,1.943,1.0
8.569,4.571,1.0
8.754,3.469,1.0
11.316,4.304,1.0
5.997,2.293,1.0
6.706,1.216,1.0
7.886,2.931,1.0
9.956,4.129,1.0
8.146,2.491,1.0
8.765,4.041,1.0
9.057,3.578,1.0
9.078,4.182,1.0
10.264,4.868,1.0
9.786,6.061,1.0
10.78,5.261,1.0
8.051,5.254,1.0
5.287,2.652,1.0
7.144,3.068,1.0
9.421,5.769,1.0
10.749,4.831,1.0
7.553,2.992,1.0
10.544,3.619,1.0
8.806,4.087,1.0
8.387,3.281,1.0
7.554,2.43,1.0
7.011,5.105,1.0
6.757,1.228,1.0
6.49,2.159,1.0
9.756,3.822,1.0
8.622,5.097,1.0
11.637,6.309,1.0
11.125,5.697,1.0
8.355,3.176,1.0
7.26,3.587,1.0
8.662,3.55,1.0
7.418,3.598,1.0
4.623,0.758,1.0
7.622,2.822,1.0
8.167,4.164,1.0
7.38,3.442,1.0
7.736,3.016,1.0
7.826,1.912,1.0
10.304,6.189,1.0
8.294,3.129,1.0
6.225,3.058,1.0
9.024,4.958,1.0
9.304,4.069,1.0
7.524,4.764,1.0
8.001,3.743,1.0
11.344,3.776,1.0
9.993,6.179,1.0
10.197,2.261,1.0
10.798,6.464,1.0
10.737,4.527,1.0
8.935,3.587,1.0
13.483,7.381,1.0
11.141,6.018,1.0
9.583,4.811,1.0
9.61,3.684,1.0
8.024,1.578,1.0
8.536,4.766,1.0
8.85,4.372,1.0
11.22,3.18,1.0
9.758,5.836,1.0
6.296,2.952,1.0
8.45,3.313,1.0
8.797,3.765,1.0
6.776,3.201,1.0
9.139,4.247,1.0
10.851,4.553,1.0
7.492,2.762,1.0
8.835,3.737,1.0
8.081,3.396,1.0
9.584,5.221,1.0
7.941,2.426,1.0
9.299,3.268,1.0
10.87,4.695,1.0
6.965,4.263,1.0
10.474,3.565,1.0
8.661,2.307,1.0
9.114,3.701,1.0
8.11,3.457,1.0
7.724,2.503,1.0
7.581,5.044,1.0
8.359,2.502,1.0
5.636,3.346,1.0
8.577,3.313,1.0
8.005,3.2,1.0
7.558,4.287,1.0
5.285,2.033,1.0
9.601,5.079,1.0
9.606,5.132,1.0
7.553,4.547,1.0
9.028,3.118,1.0
10.581,3.163,1.0
10.968,5.414,1.0
7.73,3.889,1.0
6.603,3.823,1.0
8.522,4.144,1.0
5.426,0.984,1.0
9.24,4.786,1.0
10.52,6.281,1.0
9.008,4.459,1.0
7.973,3.523,1.0
10.899,4.33,1.0
7.446,2.378,1.0
11.612,4.199,1.0
6.12,3.756,1.0
11.349,5.499,1.0
8.442,3.749,1.0
10.652,6.002,1.0
8.963,3.583,1.0
9.455,5.711,1.0
8.333,4.514,1.0
10.035,4.929,1.0
8.716,1.77,1.0
6.382,2.326,1.0
10.762,2.797,1.0
6.376,3.799,1.0
9.206,4.007,1.0
8.25,3.248,1.0
7.923,3.496,1.0
10.959,5.289,1.0
11.423,5.423,1.0
11.345,5.921,1.0
8.289,2.588,1.0
9.171,5.562,1.0
9.001,2.818,1.0
8.737,3.699,1.0
8.236,3.789,1.0
5.808,1.439,1.0
9.714,4.607,1.0
9.85,2.522,1.0
6.264,-0.224,1.0
9.29,3.637,1.0
11.089,4.331,1.0
5.774,1.796,1.0
8.16,4.176,1.0
10.567,5.3,1.0
8.323,3.672,1.0
10.624,6.303,1.0
9.401,3.486,1.0
10.239,4.788,1.0
7.436,3.397,1.0
8.602,2.702,1.0
9.842,5.033,1.0
8.575,4.244,1.0
5.992,2.18,1.0
9.656,5.242,1.0
9.708,4.394,1.0
9.672,3.874,1.0
7.55,3.004,1.0
9.038,2.666,1.0
7.19,3.937,1.0
11.308,3.991,1.0
7.777,3.333,1.0
9.425,4.536,1.0
9.444,2.925,1.0
8.472,3.744,1.0
5.606,2.463,1.0
9.891,3.234,1.0
6.021,2.408,1.0
7.878,4.376,1.0
10.802,5.068,1.0
8.763,3.55,1.0
8.727,3.47,1.0
7.44,3.845,1.0
9.213,2.942,1.0
10.653,3.936,1.0
8.505,4.199,1.0
9.378,5.063,1.0
8.127,5.448,1.0
10.356,4.718,1.0
5.912,1.89,1.0
9.842,4.142,1.0
8.778,4.091,1.0
8.853,4.286,1.0
8.919,5.063,1.0
8.957,4.422,1.0
6.147,2.577,1.0
7.835,2.836,1.0
9.054,3.365,1.0
9.832,10.802,2.0
12.608,8.371,2.0
12.895,11.216,2.0
14.492,14.602,2.0
9.781,11.609,2.0
14.653,11.248,2.0
7.498,10.895,2.0
13.346,13.298,2.0
11.417,10.007,2.0
12.558,9.376,2.0
12.373,12.684,2.0
12.147,10.856,2.0
12.262,13.329,2.0
13.518,9.964,2.0
15.243,9.095,2.0
11.716,10.743,2.0
14.483,12.908,2.0
16.386,8.837,2.0
10.611,13.136,2.0
12.848,9.657,2.0
16.131,14.029,2.0
10.953,13.173,2.0
11.172,13.76,2.0
14.215,14.295,2.0
12.239,11.937,2.0
14.186,12.516,2.0
13.14,10.459,2.0
10.485,7.846,2.0
10.588,11.619,2.0
11.11,9.918,2.0
10.715,10.141,2.0
11.433,14.125,2.0
10.448,10.037,2.0
10.241,10.224,2.0
14.583,12.357,2.0
10.494,13.227,2.0
13.072,10.359,2.0
11.139,11.543,2.0
11.464,10.667,2.0
13.123,11.647,2.0
15.088,11.011,2.0
10.732,11.174,2.0
13.128,13.15,2.0
13.014,11.096,2.0
12.306,8.013,2.0
10.524,11.062,2.0
16.402,13.704,2.0
11.832,11.406,2.0
7.898,10.009,2.0
12.633,8.451,2.0
13.346,8.896,2.0
13.96,9.728,2.0
10.783,13.193,2.0
15.207,12.326,2.0
12.125,9.861,2.0
11.567,10.984,2.0
12.69,12.292,2.0
11.358,9.155,2.0
10.69,12.685,2.0
10.115,11.428,2.0
10.443,14.235,2.0
14.102,13.499,2.0
7.264,10.01,2.0
9.788,10.588,2.0
12.153,9.799,2.0
14.097,12.349,2.0
10.986,9.614,2.0
7.842,8.355,2.0
14.045,12.715,2.0
15.85,16.26,2.0
12.046,11.798,2.0
11.915,11.521,2.0
14.669,9.596,2.0
12.288,12.97,2.0
11.883,9.007,2.0
13.43,8.621,2.0
13.244,8.808,2.0
13.083,11.896,2.0
12.465,11.485,2.0
9.708,9.145,2.0
12.238,10.238,2.0
12.632,9.186,2.0
10.612,10.076,2.0
13.16,10.692,2.0
10.394,9.381,2.0
12.84,9.132,2.0
12.885,13.079,2.0
12.042,10.933,2.0
12.735,11.788,2.0
11.534,11.387,2.0
11.9,12.204,2.0
11.595,10.615,2.0
10.16,9.878,2.0
13.165,14.814,2.0
9.223,11.253,2.0
12.859,12.307,2.0
14.694,13.182,2.0
10.36,10.066,2.0
10.663,8.954,2.0
11.842,11.168,2.0
11.131,12.191,2.0
10.749,10.054,2.0
13.555,8.921,2.0
13.875,11.215,2.0
15.173,11.832,2.0
13.855,12.444,2.0
11.099,9.536,2.0
13.025,11.334,2.0
12.07,8.508,2.0
11.757,10.231,2.0
13.538,10.466,2.0
11.407,9.95,2.0
13.062,12.395,2.0
15.855,10.022,2.0
9.857,10.666,2.0
12.412,9.485,2.0
10.782,15.082,2.0
9.331,9.838,2.0
13.4,12.69,2.0
13.682,7.019,2.0
13.779,6.954,2.0
12.262,11.947,2.0
14.872,13.137,2.0
14.618,13.219,2.0
13.137,11.103,2.0
13.205,9.579,2.0
11.072,10.182,2.0
16.016,11.996,2.0
11.263,13.505,2.0
15.543,11.837,2.0
13.35,12.84,2.0
10.827,10.496,2.0
14.997,10.19,2.0
9.091,11.681,2.0
13.703,11.117,2.0
13.981,10.385,2.0
12.708,11.291,2.0
10.716,13.259,2.0
12.009,9.858,2.0
10.653,9.865,2.0
12.283,7.82,2.0
14.775,9.719,2.0
15.698,11.112,2.0
15.498,13.182,2.0
9.902,9.137,2.0
11.153,13.313,2.0
12.877,11.226,2.0
14.393,13.672,2.0
12.893,13.042,2.0
12.706,12.161,2.0
11.885,12.684,2.0
11.938,10.089,2.0
12.834,9.618,2.0
13.601,14.261,2.0
13.067,10.664,2.0
14.045,13.113,2.0
13.408,10.996,2.0
11.657,7.911,2.0
15.247,12.076,2.0
16.137,14.387,2.0
11.341,11.023,2.0
12.613,11.665,2.0
7.95,11.518,2.0
8.958,12.184,2.0
13.303,12.33,2.0
10.503,8.615,2.0
15.118,11.727,2.0
12.604,10.39,2.0
9.546,12.071,2.0
12.752,8.761,2.0
10.549,9.955,2.0
14.091,9.176,2.0
10.734,13.655,2.0
11.544,13.494,2.0
12.634,13.713,2.0
13.19,13.544,2.0
11.25,12.301,2.0
10.61,12.87,2.0
13.8,12.332,2.0
15.286,12.806,2.0
14.458,14.109,2.0
11.793,10.378,2.0
15.311,9.072,2.0
9.994,13.183,2.0
11.751,10.126,2.0
12.477,11.888,2.0
14.473,10.448,2.0
19.585,9.891,2.0
10.988,14.133,2.0
11.589,11.132,2.0
13.771,14.399,2.0
9.715,8.415,2.0
12.895,12.184,2.0
12.261,14.334,2.0
13.883,14.223,2.0
8.983,8.89,2.0
12.53,13.4,2.0
10.829,10.311,2.0
11.679,10.218,2.0
8.122,13.617,2.0
12.652,8.816,2.0
13.242,13.7,2.0
14.544,7.144,2.0
9.014,10.718,2.0
10.851,10.833,2.0
9.072,10.534,2.0
12.725,11.165,2.0
13.334,8.895,2.0
18.965,10.143,2.0
14.876,14.211,2.0
12.703,11.667,2.0
11.559,13.067,2.0
13.808,12.992,2.0
15.473,12.789,2.0
12.042,11.862,2.0
15.109,8.692,2.0
12.833,13.542,2.0
12.874,11.326,2.0
11.577,11.294,2.0
9.102,11.447,2.0
11.996,11.628,2.0
10.434,11.195,2.0
12.306,9.307,2.0
12.782,11.82,2.0
10.924,9.202,2.0
10.94,9.316,2.0
12.39,11.048,2.0
12.72,7.624,2.0
12.592,12.978,2.0
13.044,11.963,2.0
12.653,12.805,2.0
11.588,11.892,2.0
10.082,10.835,2.0
12.94,13.415,2.0
12.955,14.253,2.0
14.662,13.198,2.0
12.129,10.8,2.0
12.496,10.755,2.0
11.855,13.847,2.0
13.313,9.671,2.0
9.535,11.062,2.0
8.776,9.894,2.0
11.851,9.551,2.0
11.199,10.389,2.0
10.87,8.82,2.0
10.195,10.407,2.0
13.372,12.317,2.0
9.509,10.405,2.0
12.38,10.535,2.0
11.887,12.005,2.0
11.978,11.867,2.0
15.137,11.15,2.0
9.054,13.027,2.0
14.741,11.305,2.0
10.884,13.311,2.0
13.863,7.696,2.0
14.296,9.554,2.0
9.202,9.353,2.0
12.478,10.63,2.0
13.026,9.205,2.0
17.319,13.367,2.0
14.42,11.331,2.0
12.508,9.145,2.0
13.26,14.727,2.0
15.612,10.438,2.0
12.733,7.742,2.0
10.189,11.333,2.0
10.788,11.579,2.0
12.279,12.871,2.0
10.617,13.086,2.0
12.866,13.559,2.0
12.542,9.153,2.0
11.525,10.743,2.0
12.507,12.219,2.0
13.312,12.015,2.0
14.094,10.802,2.0
11.865,12.315,2.0
14.355,11.377,2.0
13.928,11.3,2.0
11.185,10.914,2.0
15.681,8.894,2.0
14.622,13.101,2.0
13.967,10.499,2.0
13.179,12.889,2.0
11.811,10.513,2.0
13.267,7.997,2.0
15.368,13.944,2.0
12.514,8.632,2.0
10.672,11.449,2.0
12.982,10.851,2.0
8.255,12.221,2.0
10.11,9.318,2.0
13.597,13.978,2.0
10.746,8.723,2.0
8.276,9.203,2.0
10.691,7.046,2.0
10.306,10.916,2.0
11.444,10.456,2.0
13.456,11.567,2.0
14.586,13.664,2.0
16.779,10.924,2.0
14.548,9.971,2.0
11.866,13.284,2.0
11.36,10.372,2.0
14.013,12.079,2.0
15.355,16.242,2.0
11.149,9.607,2.0
11.194,12.324,2.0
14.673,8.722,2.0
12.248,11.25,2.0
12.063,13.397,2.0
14.789,12.864,2.0
15.079,10.811,2.0
11.488,10.382,2.0
9.518,12.905,2.0
10.656,11.231,2.0
12.821,9.492,2.0
14.58,13.758,2.0
13.861,12.612,2.0
12.039,9.662,2.0
11.541,11.018,2.0
16.59,11.058,2.0
11.746,12.619,2.0
11.719,12.623,2.0
11.022,12.117,2.0
12.244,12.355,2.0
15.539,10.195,2.0
13.314,12.104,2.0
13.999,11.481,2.0
12.373,13.314,2.0
14.714,10.507,2.0
9.281,10.593,2.0
11.034,12.897,2.0
14.008,13.922,2.0
14.879,11.795,2.0
11.49,10.322,2.0
12.612,10.009,2.0
9.542,10.902,2.0
11.992,10.003,2.0
11.79,9.857,2.0
13.287,12.73,2.0
10.759,10.167,2.0
12.146,13.082,2.0
9.219,12.148,2.0
12.71,9.881,2.0
11.296,11.746,2.0
9.848,14.946,2.0
11.808,10.349,2.0
15.403,13.414,2.0
12.697,9.019,2.0
14.51,11.849,2.0
10.835,13.123,2.0
11.23,9.34,2.0
11.026,6.467,2.0
11.753,9.437,2.0
13.744,11.388,2.0
12.575,12.249,2.0
14.415,10.317,2.0
13.287,13.175,2.0
10.464,13.335,2.0
12.185,8.715,2.0
13.634,11.527,2.0
15.217,13.17,2.0
11.536,8.557,2.0
7.67,11.628,2.0
10.548,13.543,2.0
12.42,13.801,2.0
5.904,11.328,2.0
14.111,12.758,2.0
12.235,9.24,2.0
14.876,13.726,2.0
8.572,10.924,2.0
11.58,17.151,2.0
13.109,15.045,2.0
13.923,13.171,2.0
13.415,9.262,2.0
13.844,9.33,2.0
14.138,8.162,2.0
15.475,13.547,2.0
9.584,15.156,2.0
11.524,7.708,2.0
11.338,10.506,2.0
10.752,9.484,2.0
14.17,9.837,2.0
13.61,15.716,2.0
16.221,10.969,2.0
13.191,10.973,2.0
11.782,11.536,2.0
11.106,8.069,2.0
13.333,13.387,2.0
14.673,11.819,2.0
9.804,9.223,2.0
13.7,7.915,2.0
12.597,11.082,2.0
7.858,11.059,2.0
12.122,17.211,2.0
11.317,13.249,2.0
12.746,8.672,2.0
7.89,9.876,2.0
10.235,9.056,2.0
13.6,16.177,2.0
10.979,8.71,2.0
15.501,14.542,2.0
11.391,13.083,2.0
12.208,11.972,2.0
10.741,10.215,2.0
12.52,9.898,2.0
11.835,9.287,2.0
13.736,9.395,2.0
11.604,11.291,2.0
12.938,12.638,2.0
14.144,11.431,2.0
12.19,12.421,2.0
9.913,8.44,2.0
11.219,9.364,2.0
9.62,11.686,2.0
9.408,13.548,2.0
12.264,11.121,2.0
10.308,12.572,2.0
8.902,10.863,2.0
12.081,10.467,2.0
12.107,7.524,2.0
11.309,13.512,2.0
13.393,9.766,2.0
10.235,7.776,2.0
7.284,8.062,2.0
13.585,8.719,2.0
13.081,8.148,2.0
15.882,11.759,2.0
11.204,9.462,2.0
12.445,9.754,2.0
12.58,13.094,2.0
13.086,11.086,2.0
13.442,7.387,2.0
14.953,11.327,2.0
13.723,12.652,2.0
10.418,10.256,2.0
12.221,11.706,2.0
10.665,6.815,2.0
13.781,10.378,2.0
12.676,9.621,2.0
12.394,11.42,2.0
11.714,16.065,2.0
14.332,10.181,2.0
11.491,9.991,2.0
14.793,7.951,2.0
12.833,12.771,2.0
12.616,9.758,2.0
12.988,12.458,2.0
9.721,9.441,2.0
13.911,9.837,2.0
14.479,11.501,2.0
10.65,11.882,2.0
13.152,10.444,2.0
13.072,11.293,2.0
13.957,9.631,2.0
14.323,14.849,2.0
15.083,16.107,2.0
11.954,11.932,2.0
12.775,12.984,2.0
12.926,11.873,2.0
12.343,15.279,2.0
14.551,9.588,2.0
12.618,12.964,2.0
13.814,14.228,2.0
13.922,11.877,2.0
14.184,12.113,2.0
10.487,10.927,2.0
9.11,10.874,2.0
14.632,11.688,2.0
12.506,11.18,2.0
8.868,10.963,2.0
15.977,9.797,2.0
13.016,11.234,2.0
9.711,12.141,2.0
14.502,11.108,2.0
8.288,7.711,2.0
9.879,10.047,2.0
15.647,10.181,2.0
14.345,9.682,2.0
11.59,9.427,2.0
11.36,14.009,2.0
11.43,9.215,2.0
9.237,10.931,2.0
18.631,13.088,2.0
12.254,11.529,2.0
15.187,11.161,2.0
12.574,9.941,2.0
9.716,13.574,2.0
12.676,6.182,2.0
9.982,9.518,2.0
14.138,9.95,2.0
11.94,8.708,2.0
10.097,11.853,2.0
11.79,12.581,2.0
13.316,11.986,2.0
12.735,11.14,2.0
11.551,11.649,2.0
13.165,16.52,2.0
9.025,8.707,2.0
13.508,12.364,2.0
13.511,11.149,2.0
11.799,12.806,2.0
13.177,14.145,2.0
12.65,11.99,2.0
15.646,13.078,2.0
12.227,10.266,2.0
13.217,12.94,2.0
13.954,9.903,2.0
13.917,11.746,2.0
10.165,9.166,2.0
12.97,14.745,2.0
13.749,9.465,2.0
9.169,9.65,2.0
11.484,8.288,2.0
13.301,9.802,2.0
16.27,13.17,2.0
8.985,12.493,2.0
14.244,13.012,2.0
13.887,11.777,2.0
8.91,10.843,2.0
14.088,11.882,2.0
12.824,12.05,2.0
10.273,11.261,2.0
9.528,9.076,2.0
16.674,12.431,2.0
10.8,10.353,2.0
10.841,10.84,2.0
13.835,13.018,2.0
10.808,10.348,2.0
11.89,8.293,2.0
9.082,13.442,2.0
13.797,12.445,2.0
12.637,12.389,2.0
14.497,10.156,2.0
14.074,13.395,2.0
12.605,10.52,2.0
13.838,12.091,2.0
11.695,12.493,2.0
13.123,14.509,2.0
13.244,10.236,2.0
10.972,12.308,2.0
9.993,8.907,2.0
9.141,9.147,2.0
13.32,11.553,2.0
12.156,11.517,2.0
14.526,10.45,2.0
13.853,13.734,2.0
17.542,15.403,2.0
14.857,12.997,2.0
9.774,8.278,2.0
9.691,9.962,2.0
13.524,12.191,2.0
12.425,9.557,2.0
13.342,9.605,2.0
12.52,10.975,2.0
15.568,9.269,2.0
12.771,11.951,2.0
13.269,13.698,2.0
11.337,11.43,2.0
13.158,10.877,2.0
12.8,14.216,2.0
14.946,12.728,2.0
10.764,8.935,2.0
11.44,11.695,2.0
14.073,11.428,2.0
12.497,11.99,2.0
12.338,10.401,2.0
11.448,8.961,2.0
13.779,14.274,2.0
12.068,8.409,2.0
16.182,13.767,2.0
11.827,10.883,2.0
13.845,11.513,2.0
12.141,12.807,2.0
11.402,7.932,2.0
11.182,12.963,2.0
9.831,12.72,2.0
17.717,7.792,2.0
14.683,11.89,2.0
12.237,14.783,2.0
14.524,10.974,2.0
13.21,12.47,2.0
14.047,12.429,2.0
11.246,9.741,2.0
11.048,10.923,2.0
13.702,11.448,2.0
11.867,12.727,2.0
11.617,10.06,2.0
13.52,13.23,2.0
11.92,16.516,2.0
13.121,11.187,2.0
11.837,12.535,2.0
13.415,12.078,2.0
8.677,8.317,2.0
11.618,12.58,2.0
11.632,12.09,2.0
11.734,13.173,2.0
8.633,9.879,2.0
13.767,12.612,2.0
11.769,12.594,2.0
11.194,13.046,2.0
10.074,13.627,2.0
14.154,12.3,2.0
10.658,10.529,2.0
13.21,13.097,2.0
15.038,10.867,2.0
8.56,12.843,2.0
12.303,11.981,2.0
11.448,11.485,2.0
11.488,11.397,2.0
15.014,11.669,2.0
11.684,7.671,2.0
11.127,13.38,2.0
9.862,12.736,2.0
10.902,14.134,2.0
9.4,11.227,2.0
12.916,8.345,2.0
9.998,9.151,2.0
10.68,11.402,2.0
13.484,10.947,2.0
13.161,8.372,2.0
9.999,10.381,2.0
12.313,10.307,2.0
12.986,11.445,2.0
10.032,11.201,2.0
11.203,12.492,2.0
13.652,9.307,2.0
11.35,11.654,2.0
13.741,10.576,2.0
14.673,13.627,2.0
13.63,11.058,2.0
8.224,8.785,2.0
10.501,9.555,2.0
10.218,10.951,2.0
11.037,11.812,2.0
11.168,10.15,2.0
11.645,10.93,2.0
13.494,9.924,2.0
11.186,14.264,2.0
13.152,11.397,2.0
14.506,9.153,2.0
12.993,13.517,2.0
16.24,9.352,2.0
11.844,11.993,2.0
10.91,9.883,2.0
11.846,10.374,2.0
9.025,8.835,2.0
14.273,10.877,2.0
10.595,7.414,2.0
11.709,10.501,2.0
13.191,12.771,2.0
13.323,11.727,2.0
12.47,10.372,2.0
13.067,13.719,2.0
12.017,10.025,2.0
14.511,12.795,2.0
12.456,11.411,2.0
13.069,12.238,2.0
9.782,9.796,2.0
11.492,12.242,2.0
12.647,12.27,2.0
10.958,13.065,2.0
17.118,12.059,2.0
9.759,10.823,2.0
12.48,12.585,2.0
10.592,11.847,2.0
13.829,10.316,2.0
12.454,9.769,2.0
10.687,11.298,2.0
13.002,10.953,2.0
16.035,10.046,2.0
10.348,7.685,2.0
13.633,11.619,2.0
10.926,11.511,2.0
10.54,11.962,2.0
12.792,10.145,2.0
12.244,12.406,2.0
10.911,11.532,2.0
11.509,12.379,2.0
13.862,10.217,2.0
11.777,10.382,2.0
13.299,13.658,2.0
9.752,8.407,2.0
13.856,8.934,2.0
13.016,12.489,2.0
13.032,12.571,2.0
14.265,11.486,2.0
10.372,10.482,2.0
12.921,12.625,2.0
12.434,9.614,2.0
16.125,12.176,2.0
17.032,11.668,2.0
12.688,11.312,2.0
14.073,10.971,2.0
6.702,8.174,2.0
12.404,10.496,2.0
9.264,11.388,2.0
12.026,10.42,2.0
14.812,12.254,2.0
15.507,13.613,2.0
15.908,9.23,2.0
14.601,11.371,2.0
12.478,10.764,2.0
11.757,13.034,2.0
14.465,17.591,2.0
8.531,12.096,2.0
17.46,11.652,2.0
13.954,10.967,2.0
15.759,13.013,2.0
13.294,9.783,2.0
11.467,10.563,2.0
5.886,6.82,2.0
11.448,11.996,2.0
14.052,12.894,2.0
13.558,10.52,2.0
12.276,11.604,2.0
14.009,11.527,2.0
12.213,10.988,2.0
11.528,7.494,2.0
13.031,11.773,2.0
12.102,13.765,2.0
11.203,12.915,2.0
11.169,12.796,2.0
15.648,13.593,2.0
12.033,8.401,2.0
13.615,11.275,2.0
11.239,12.041,2.0
12.856,11.639,2.0
12.817,11.822,2.0
11.678,11.414,2.0
13.891,13.388,2.0
9.862,13.04,2.0
10.211,14.888,2.0
10.55,10.538,2.0
14.985,9.957,2.0
14.643,13.161,2.0
13.057,9.798,2.0
11.038,12.084,2.0
16.212,13.416,2.0
16.08,14.15,2.0
12.385,10.525,2.0
13.941,14.386,2.0
10.953,11.987,2.0
11.159,10.34,2.0
11.082,14.915,2.0
12.977,10.683,2.0
9.815,10.967,2.0
10.91,12.839,2.0
13.538,10.604,2.0
8.675,10.3,2.0
13.122,15.099,2.0
9.79,8.981,2.0
11.269,14.02,2.0
14.577,10.843,2.0
8.649,8.945,2.0
12.116,12.498,2.0
11.317,12.936,2.0
12.747,14.135,2.0
9.669,11.19,2.0
13.048,11.877,2.0
13.327,10.543,2.0
12.362,8.945,2.0
10.95,12.081,2.0
14.466,13.137,2.0
13.124,12.092,2.0
14.385,10.159,2.0
13.736,11.963,2.0
12.155,10.21,2.0
16.395,12.431,2.0
9.895,10.207,2.0
11.848,12.125,2.0
13.269,10.207,2.0
11.472,6.764,2.0
13.292,7.674,2.0
13.461,12.804,2.0
14.903,12.513,2.0
10.85,9.003,2.0
15.059,10.565,2.0
12.315,14.905,2.0
12.615,9.542,2.0
12.927,12.044,2.0
16.067,10.934,2.0
12.358,11.881,2.0
14.945,8.224,2.0
9.549,7.258,2.0
15.322,10.174,2.0
14.5,14.538,2.0
12.183,11.094,2.0
13.256,11.142,2.0
14.615,11.026,2.0
14.036,13.202,2.0
10.45,9.417,2.0
16.026,13.583,2.0
13.364,10.788,2.0
9.904,12.761,2.0
12.225,9.247,2.0
15.184,10.242,2.0
14.28,11.151,2.0
12.375,12.687,2.0
14.639,11.831,2.0
7.733,8.235,2.0
10.805,11.147,2.0
15.066,14.543,2.0
15.39,8.563,2.0
10.195,9.897,2.0
13.869,12.195,2.0
11.664,12.291,2.0
12.818,11.403,2.0
9.833,12.466,2.0
10.857,9.675,2.0
11.513,10.985,2.0
13.215,11.456,2.0
12.42,12.893,2.0
8.331,16.362,2.0
8.682,12.863,2.0
10.775,13.128,2.0
12.567,7.708,2.0
15.097,10.244,2.0
15.112,9.275,2.0
12.506,11.263,2.0
8.809,12.552,2.0
12.952,9.091,2.0
9.56,7.287,2.0
9.909,11.786,2.0
12.132,11.204,2.0
10.992,12.338,2.0
6.215,12.995,2.0
14.432,9.559,2.0
10.441,8.794,2.0
10.895,13.602,2.0
12.415,8.399,2.0
12.094,11.665,2.0
10.129,8.65,2.0
14.332,13.15,2.0
12.435,11.905,2.0
15.899,9.641,2.0
12.802,12.159,2.0
11.829,10.701,2.0
14.437,10.853,2.0
12.515,9.9,2.0
12.286,12.906,2.0
14.143,10.233,2.0
11.745,12.626,2.0
14.992,8.718,2.0
8.948,7.652,2.0
12.731,12.027,2.0
8.252,10.731,2.0
14.08,13.95,2.0
17.364,13.32,2.0
8.745,11.467,2.0
11.193,10.376,2.0
14.506,12.318,2.0
8.621,8.885,2.0
16.555,8.351,2.0
13.288,10.385,2.0
12.285,9.931,2.0
15.439,9.833,2.0
12.648,13.469,2.0
9.787,12.513,2.0
13.573,13.472,2.0
13.078,8.553,2.0
14.218,11.115,2.0
10.877,10.639,2.0
10.496,12.667,2.0
11.211,10.782,2.0
11.28,8.625,2.0
15.358,11.493,2.0
12.752,14.121,2.0
11.442,12.036,2.0
15.302,12.569,2.0
11.337,7.58,2.0
12.586,12.922,2.0
16.698,14.098,2.0
12.767,10.535,2.0
14.941,10.074,2.0
12.875,11.124,2.0
10.6,14.37,2.0
14.319,9.566,2.0
10.841,11.939,2.0
11.186,13.349,2.0
13.598,11.192,2.0
10.007,13.893,2.0
12.926,15.969,2.0
13.008,12.738,2.0
11.706,10.67,2.0
12.524,13.298,2.0
10.786,7.79,2.0
12.668,9.298,2.0
13.652,10.207,2.0
10.815,11.179,2.0
12.661,8.684,2.0
11.245,11.251,2.0
11.658,10.505,2.0
16.023,10.431,2.0
13.795,5.161,2.0
10.887,11.577,2.0
11.708,10.537,2.0
11.509,10.636,2.0
13.117,10.145,2.0
12.083,10.643,2.0
12.012,9.769,2.0
11.951,11.649,2.0
13.56,11.954,2.0
8.769,12.152,2.0
13.352,9.012,2.0
13.161,10.399,2.0
13.151,13.458,2.0
12.909,12.165,2.0
11.921,10.002,2.0
11.172,10.173,2.0
10.459,11.447,2.0
15.071,13.92,2.0
11.456,11.682,2.0
9.653,9.504,2.0
15.294,12.052,2.0
13.325,11.76,2.0
12.026,10.414,2.0
9.249,13.895,2.0
13.587,11.903,2.0
13.688,11.76,2.0
11.245,11.483,2.0
6.701,10.237,2.0
14.815,9.788,2.0
10.562,10.152,2.0
10.232,9.456,2.0
11.082,10.931,2.0
12.599,12.175,2.0
9.912,12.355,2.0
11.775,10.346,2.0
15.735,14.168,2.0
13.884,15.109,2.0
13.021,9.909,2.0
14.859,11.411,2.0
12.031,10.554,2.0
14.492,11.673,2.0
11.983,11.677,2.0
11.872,10.298,2.0
11.437,11.13,2.0
13.773,11.996,2.0
9.301,9.109,2.0
13.268,14.958,2.0
12.256,13.48,2.0
11.603,10.205,2.0
14.175,9.08,2.0
14.847,11.376,2.0
12.427,11.694,2.0
12.335,12.019,2.0
15.232,14.726,2.0
8.208,11.651,2.0
10.183,11.17,2.0
13.15,14.525,2.0
12.972,13.636,2.0
12.064,13.128,2.0
15.286,13.984,2.0
11.483,12.131,2.0
12.452,9.953,2.0
14.575,10.753,2.0
12.228,13.446,2.0
11.785,11.182,2.0
14.074,12.548,2.0
13.692,10.841,2.0
13.863,12.502,2.0
14.209,11.96,2.0
11.104,12.113,2.0
12.321,11.228,2.0
10.522,11.409,2.0
10.968,11.515,2.0
12.804,12.964,2.0
14.361,13.576,2.0
15.537,12.967,2.0
11.424,10.218,2.0
13.143,11.711,2.0
13.561,10.961,2.0
12.904,11.015,2.0
13.208,10.058,2.0
10.514,9.765,2.0
13.208,12.46,2.0
15.446,10.332,2.0
12.047,9.504,2.0
12.46,10.338,2.0
12.097,12.961,2.0
9.352,11.374,2.0
12.801,9.627,2.0
16,12.687,2.0
10.525,13.018,2.0
13.319,12.925,2.0
12.485,10.556,2.0
11.199,9.6,2.0
10.409,8.244,2.0
13.526,11.794,2.0
13.366,13.162,2.0
9.899,8.942,2.0
11.964,5.224,2.0
9.692,10.687,2.0
11.852,11.85,2.0
11.222,10.952,2.0
12.927,13.622,2.0
15.248,12.391,2.0
13.705,9.723,2.0
3.612,10.703,3.0
6.836,11.011,3.0
10.121,13.003,3.0
8.216,12.689,3.0
7.873,17.361,3.0
7.975,12.809,3.0
7.419,11.587,3.0
6.767,10.709,3.0
8.211,12.701,3.0
8.336,9.909,3.0
6.653,12.517,3.0
8.056,10.616,3.0
5.899,13.621,3.0
4.832,12.409,3.0
7.204,10.281,3.0
6.675,12.438,3.0
8.628,11.639,3.0
6.712,11.886,3.0
5.474,12.043,3.0
6.098,8.154,3.0
4.528,12.797,3.0
8.139,10.86,3.0
5.578,15.061,3.0
4.937,9.587,3.0
9.895,14.069,3.0
7.515,16.07,3.0
5.477,8.29,3.0
4.73,12.94,3.0
7.952,10.021,3.0
5.499,11.931,3.0
5.196,10.786,3.0
6.116,10.965,3.0
5.827,11.517,3.0
5.63,11.986,3.0
7.166,10.114,3.0
5.764,9.128,3.0
5.115,12.312,3.0
3.798,15.759,3.0
6.277,10.099,3.0
7.032,12.447,3.0
6.077,13.024,3.0
5.48,14.495,3.0
7.049,13.998,3.0
6.627,11.707,3.0
6.321,11.581,3.0
8.163,10.21,3.0
5.215,12.021,3.0
4.415,10.971,3.0
8.44,11.062,3.0
7.034,9.702,3.0
6.205,10.139,3.0
5.87,11.243,3.0
6.859,12.62,3.0
6.437,14.617,3.0
4.297,11.622,3.0
4.299,9.768,3.0
6.391,12.239,3.0
4.448,12.109,3.0
5.143,8.465,3.0
7.533,11.456,3.0
7.813,16.864,3.0
6.926,12.552,3.0
5.691,12.979,3.0
6.064,13.061,3.0
6.54,11.265,3.0
6.486,9.49,3.0
7.004,14.732,3.0
6.969,13.398,3.0
5.876,9.137,3.0
5.919,12.662,3.0
6.792,12.212,3.0
7.408,12.436,3.0
7.923,8.784,3.0
5.433,10.704,3.0
5.727,12.788,3.0
12.067,17.404,3.0
5.988,11.068,3.0
6.808,12.57,3.0
6.648,13.342,3.0
5.235,15.039,3.0
7.682,15.332,3.0
7.487,10.786,3.0
5.894,9.141,3.0
7.855,8.594,3.0
7.282,10.32,3.0
8.71,13.042,3.0
5.229,13.192,3.0
6.96,13.616,3.0
8.188,11.261,3.0
6.428,10.99,3.0
7.94,12.356,3.0
6.429,9.058,3.0
8.082,9.584,3.0
7.103,13.959,3.0
8.49,11.008,3.0
7.618,12.927,3.0
7.208,13.873,3.0
3.228,8.757,3.0
6.182,12.912,3.0
8.069,13.105,3.0
4.342,11.576,3.0
7.319,16.001,3.0
6.205,15.724,3.0
5.47,9.559,3.0
4.265,13.136,3.0
4.631,11.012,3.0
8.348,10.55,3.0
6.443,12.563,3.0
6.204,13.307,3.0
6.393,13.054,3.0
6.77,11.435,3.0
5.439,14.058,3.0
7.014,15.918,3.0
9.977,14.174,3.0
4.43,11.66,3.0
6.516,11.916,3.0
6.005,11.747,3.0
6.615,7.109,3.0
5.952,12.378,3.0
6.726,12.983,3.0
5.29,7.77,3.0
5.133,13.77,3.0
7.897,14.878,3.0
8.897,14.114,3.0
7.1,10.639,3.0
3.249,14.085,3.0
8.415,11.513,3.0
6.51,9.647,3.0
8.598,12.38,3.0
4.516,11.697,3.0
5.351,11.43,3.0
6.608,12.663,3.0
9.091,10.1,3.0
6.079,13.362,3.0
4.511,12.932,3.0
8.566,12.225,3.0
5.405,12.759,3.0
5.927,10.67,3.0
5.5,11.749,3.0
7.999,11.335,3.0
4.865,16.412,3.0
7.476,11.211,3.0
7.483,13.21,3.0
5.829,13.408,3.0
10.431,14.04,3.0
1.973,13.03,3.0
5.171,12.009,3.0
8.861,13.773,3.0
5.219,10.303,3.0
6.191,13.507,3.0
4.779,12.622,3.0
4.342,11.34,3.0
11.189,10.669,3.0
4.502,11.388,3.0
6.525,13.589,3.0
7.431,11.664,3.0
3.084,15.615,3.0
5.635,15.692,3.0
3.767,10.958,3.0
7.436,7.944,3.0
6.738,13.326,3.0
9.166,12.25,3.0
3.386,10.281,3.0
5.96,13.974,3.0
5.251,8.851,3.0
7.81,13.452,3.0
5.392,10.923,3.0
10.547,11.881,3.0
6.782,11.725,3.0
3.774,13.315,3.0
3.624,12.038,3.0
6.643,9.345,3.0
7.056,11.839,3.0
8.748,14.611,3.0
7.078,12.198,3.0
6.739,13.039,3.0
8.481,13.959,3.0
9.894,11.434,3.0
6.84,10.608,3.0
5.963,12.856,3.0
7.354,13.144,3.0
5.868,8.65,3.0
7.391,10.768,3.0
3.199,16.845,3.0
5.278,14.055,3.0
9.251,10.419,3.0
6.081,14.626,3.0
5.885,12.319,3.0
6.853,9.911,3.0
6.639,11.75,3.0
8.36,12.278,3.0
7.262,14.408,3.0
7.846,11.656,3.0
6.205,12.459,3.0
7.977,13.138,3.0
3.845,10.964,3.0
8.477,12.857,3.0
4.371,9.732,3.0
6.452,7.358,3.0
5.452,10.056,3.0
7.15,10.156,3.0
6.962,12.798,3.0
8.69,14.471,3.0
3.98,15.083,3.0
6.575,9.964,3.0
7.813,14.476,3.0
8.435,14.013,3.0
4.959,12.583,3.0
7.176,13.756,3.0
5.899,12.914,3.0
5.463,12.872,3.0
7.514,10.301,3.0
7.198,13.205,3.0
4.432,9.617,3.0
6.615,8.657,3.0
5.099,10.662,3.0
6.731,12.69,3.0
4.409,16.52,3.0
8.475,11.903,3.0
4.649,14.097,3.0
4.274,10.741,3.0
3.313,10.96,3.0
8.167,13.042,3.0
6.919,13.372,3.0
7.867,10.379,3.0
4.443,18.033,3.0
6.723,8.337,3.0
4.375,10.804,3.0
6.796,10.457,3.0
7.953,13.135,3.0
6.747,10.484,3.0
7.542,10.423,3.0
5.862,9.516,3.0
8.344,15.991,3.0
7.479,13.667,3.0
8.758,13.827,3.0
7.716,9.682,3.0
4.354,14.362,3.0
4.823,13.496,3.0
7.804,15.89,3.0
4.017,11.593,3.0
8.556,13.746,3.0
5.373,10.754,3.0
7.311,11.916,3.0
6.283,9.918,3.0
6.604,12.085,3.0
8.687,11.97,3.0
8.613,12.899,3.0
5.744,14.633,3.0
10.204,11.975,3.0
5.709,12.377,3.0
5.514,12.839,3.0
5.724,13.213,3.0
5.481,8.015,3.0
6.069,12.317,3.0
7.324,11.091,3.0
5.674,16.125,3.0
6.196,9.669,3.0
7.466,11.3,3.0
8.13,15.15,3.0
7.716,16.405,3.0
7.131,13.274,3.0
7.015,18.439,3.0
6.462,9.499,3.0
7.98,14.003,3.0
3.604,10.854,3.0
6.833,13.594,3.0
7.419,12.244,3.0
6.37,11.125,3.0
4.706,9.144,3.0
6.837,11.786,3.0
4.884,15.761,3.0
7.47,13.542,3.0
8.157,10.363,3.0
8.369,13.969,3.0
6.976,12.235,3.0
8.757,15.228,3.0
6.311,9.78,3.0
6.283,10.723,3.0
7.51,12.04,3.0
7.243,13.028,3.0
7.774,13.889,3.0
7.61,12.661,3.0
5.986,10.242,3.0
8.212,9.134,3.0
4.646,10.281,3.0
5.393,11.95,3.0
9.021,13.703,3.0
9.001,12.182,3.0
8.015,9.888,3.0
7.39,10.782,3.0
5.754,11.454,3.0
9.618,14.422,3.0
5.689,8.999,3.0
9.306,11.156,3.0
8.566,17.201,3.0
6.627,14.683,3.0
3.531,14.017,3.0
6.099,11.725,3.0
3.048,7.756,3.0
8.919,10.532,3.0
4.827,8.536,3.0
7.556,11.336,3.0
7.517,13.34,3.0
6.526,9.978,3.0
8.936,11.401,3.0
7.964,11.59,3.0
6.091,11.259,3.0
6.375,13.485,3.0
4.223,13.429,3.0
5.722,14.316,3.0
5.68,14.576,3.0
8.813,9.616,3.0
5.298,9.755,3.0
7.227,12.935,3.0
4.697,10.828,3.0
7.49,12.596,3.0
3.938,14.327,3.0
6.262,12.209,3.0
4.414,8.634,3.0
6.759,13.756,3.0
5.043,12.447,3.0
8.49,8.785,3.0
7.279,11.911,3.0
5.998,11.444,3.0
9.991,12.779,3.0
7.348,10.797,3.0
5.24,11.009,3.0
5.85,15.574,3.0
6.795,10.92,3.0
8.381,12.812,3.0
8.309,11.381,3.0
9.297,11.743,3.0
8.026,13.092,3.0
5.815,14.169,3.0
3.623,11.424,3.0
7.172,10.206,3.0
5.762,12.409,3.0
3.809,12.437,3.0
8.712,10.723,3.0
9.71,14.033,3.0
9.047,11.787,3.0
9.871,8.501,3.0
6.983,10.067,3.0
4.131,10.054,3.0
6.845,9.909,3.0
7.428,13.682,3.0
9.062,8.951,3.0
8.359,11.677,3.0
6.574,8.813,3.0
6.415,12.484,3.0
9.026,9.836,3.0
7.789,9.312,3.0
7.377,13.852,3.0
8.377,12.865,3.0
4.742,10.661,3.0
6.933,14.824,3.0
5.176,11.931,3.0
8.565,11.721,3.0
5.709,9.325,3.0
8.483,13.598,3.0
6.996,11.049,3.0
6.58,12.548,3.0
6.458,10.797,3.0
7.335,14.977,3.0
7.711,16.194,3.0
5.871,14.028,3.0
7.479,10.92,3.0
6.456,12.044,3.0
5.649,17.663,3.0
7.56,10.96,3.0
5.681,6.634,3.0
6.349,12.823,3.0
5.883,11.523,3.0
6.195,14.163,3.0
7.088,12.947,3.0
5.954,13.758,3.0
6.554,10.231,3.0
7.237,11.141,3.0
5.948,10.854,3.0
6.192,14.346,3.0
5.873,14.255,3.0
3.199,11.434,3.0
8.141,12.659,3.0
4.417,8.847,3.0
8.706,11.165,3.0
4.881,9.232,3.0
7.378,13.248,3.0
8.728,11.329,3.0
6.138,9.581,3.0
4.55,12.257,3.0
5.368,11.117,3.0
6.973,13.767,3.0
10.423,13.977,3.0
6.123,11.24,3.0
6.886,12.037,3.0
6.718,10.754,3.0
10.566,14.564,3.0
6.455,14.455,3.0
6.119,9.105,3.0
7.336,11.76,3.0
9.796,8.247,3.0
7.869,12.151,3.0
8.046,12.494,3.0
6.576,10.62,3.0
4.205,13.15,3.0
5.064,15.038,3.0
5.856,10.48,3.0
6.093,10.252,3.0
7.5,11.961,3.0
6.226,9.084,3.0
6.506,12.151,3.0
4.671,14.25,3.0
8.705,11.992,3.0
8.324,10.287,3.0
4.53,9.979,3.0
4.448,9.396,3.0
7.436,10.666,3.0
6.468,15.18,3.0
7.771,12.362,3.0
7.511,12.569,3.0
6.226,13.038,3.0
6.829,10.701,3.0
6.13,13.169,3.0
5.865,15.462,3.0
6.683,10.431,3.0
7.587,11.801,3.0
7.029,12.399,3.0
7.429,14.591,3.0
7.942,14.206,3.0
7.922,12.717,3.0
5.706,12.132,3.0
9.175,16.252,3.0
4.046,13.839,3.0
7.173,11.207,3.0
7.973,10.576,3.0
7.794,10.032,3.0
8.501,9.74,3.0
4.024,10.554,3.0
7.147,13.367,3.0
6.377,9.533,3.0
6.347,9.487,3.0
7.494,10.961,3.0
6.035,13.917,3.0
9.999,11.65,3.0
6.503,8.885,3.0
6.361,13.221,3.0
5.192,12.881,3.0
5.502,13.627,3.0
7.366,19.519,3.0
5.352,9.092,3.0
5.23,11.264,3.0
3.065,14.639,3.0
7.4,12.833,3.0
5.364,11.918,3.0
7.678,14.715,3.0
7.862,9.689,3.0
10.01,12.141,3.0
8.666,14.108,3.0
8.07,10.662,3.0
7.589,15.817,3.0
8.007,11.554,3.0
7.884,11.822,3.0
5.194,14.258,3.0
5.09,13.694,3.0
8.923,10.354,3.0
9.415,15.718,3.0
3.993,12.021,3.0
5.733,11.121,3.0
4.682,10.139,3.0
6.336,14.216,3.0
6.765,8.205,3.0
6.359,6.778,3.0
7.739,12.409,3.0
4.591,14.393,3.0
7.969,10.626,3.0
8.728,15.872,3.0
5.996,13.348,3.0
9.553,15.643,3.0
5.97,12.178,3.0
5.381,9.988,3.0
9.336,9.398,3.0
8.735,11.877,3.0
7.289,8.28,3.0
7.258,11.309,3.0
7.931,12.635,3.0
4.666,10.762,3.0
6.643,11.664,3.0
7.673,11.973,3.0
5.759,13.863,3.0
5.159,14.599,3.0
4.463,13.638,3.0
7.384,12.818,3.0
5.663,13.39,3.0
5.913,10.322,3.0
7.877,11.534,3.0
7.696,11.299,3.0
6.82,11.859,3.0
6.879,9.879,3.0
6.637,14.078,3.0
5.783,9.98,3.0
6.9,11.541,3.0
4.394,16.616,3.0
5.482,8.812,3.0
8.245,13.849,3.0
9.018,9.423,3.0
10.205,12.477,3.0
6.269,14.295,3.0
6.591,13.261,3.0
9.02,13.169,3.0
6.212,6.226,3.0
6.799,10.686,3.0
9.097,12.265,3.0
5.207,11.565,3.0
5.606,16.664,3.0
8.247,9.142,3.0
7.113,13.719,3.0
6.22,14.914,3.0
7.677,12.781,3.0
6.823,13.6,3.0
6.585,13.28,3.0
8.577,13.649,3.0
7.069,11.468,3.0
7.08,11.93,3.0
4.993,12.973,3.0
9.197,13.449,3.0
5.183,12.603,3.0
5.434,12.563,3.0
5.702,12.891,3.0
8.103,10.672,3.0
5.528,10.542,3.0
6.854,13.686,3.0
7.595,12.126,3.0
6.181,11.844,3.0
6.039,13.13,3.0
6.542,12.322,3.0
7.156,12.348,3.0
4.596,9.165,3.0
8.23,10.641,3.0
8.366,10.63,3.0
5.119,12.323,3.0
7.65,8.995,3.0
6.132,13.972,3.0
4.71,9.401,3.0
6.645,13.279,3.0
3.737,12.404,3.0
10.717,10.751,3.0
7.579,8.82,3.0
8.326,9.16,3.0
6.194,10.88,3.0
5.917,14.311,3.0
5.304,10.323,3.0
5.993,15.085,3.0
6.551,12.692,3.0
8.037,14.209,3.0
6.401,14,3.0
5.34,9.023,3.0
5.729,12.455,3.0
5.684,11.85,3.0
8.059,8.858,3.0
8.08,11.552,3.0
6.35,7.972,3.0
6.578,9.558,3.0
2.437,10.95,3.0
5.157,12.042,3.0
6.493,10.746,3.0
5.552,9.607,3.0
6.264,9.315,3.0
6.425,13.736,3.0
2.825,13.583,3.0
7.638,10.551,3.0
4.858,13.835,3.0
5.1,12.01,3.0
7.615,14.382,3.0
5.907,10.246,3.0
9.022,9.729,3.0
4.942,15.089,3.0
4.217,11.337,3.0
7.796,13.322,3.0
4.637,14.305,3.0
6.481,13.854,3.0
8.778,12.853,3.0
5.874,12.37,3.0
5.886,12.378,3.0
6.884,9.014,3.0
4.96,10.595,3.0
6.45,13.577,3.0
7.987,11.377,3.0
4.976,10.674,3.0
7.3,10.849,3.0
10.3,9.513,3.0
9.55,9.84,3.0
5.526,12.969,3.0
6.412,12.334,3.0
5.444,5.139,3.0
5.632,10.629,3.0
9.352,12.549,3.0
7.74,9.7,3.0
7.198,14.189,3.0
6.343,10.406,3.0
5.527,12.16,3.0
6.106,11.549,3.0
4.54,10.998,3.0
6.581,8.385,3.0
8.161,10.073,3.0
8.481,15.791,3.0
7.87,14.333,3.0
6.507,10.127,3.0
4.142,11.446,3.0
7.822,12.818,3.0
4.795,11.923,3.0
9.793,8.025,3.0
7.442,8.77,3.0
5.167,10.868,3.0
7.354,11.16,3.0
6.874,9.55,3.0
5.382,12.555,3.0
7.656,10.286,3.0
6.717,12.674,3.0
6.174,11.293,3.0
8.827,13.176,3.0
7.805,11.493,3.0
6.689,13.805,3.0
4.769,13.377,3.0
7.23,10.912,3.0
2.057,11.349,3.0
9.25,13.621,3.0
7.213,12.701,3.0
7.046,11.431,3.0
7.86,17.958,3.0
6.255,9.206,3.0
6.665,10.283,3.0
6.945,14.708,3.0
6.617,12.825,3.0
6.273,13.912,3.0
7.917,12.125,3.0
4.932,11.328,3.0
7.867,11.368,3.0
5.721,11.789,3.0
7.248,12.571,3.0
6.161,10.9,3.0
7.256,11.06,3.0
7.809,8.277,3.0
6.968,10.164,3.0
7.325,14.794,3.0
7.127,13.357,3.0
5.748,12.991,3.0
6.319,15.413,3.0
9.693,10.38,3.0
6.013,9.738,3.0
5.766,12.128,3.0
4.533,12.277,3.0
4.723,12.485,3.0
5.247,14.036,3.0
5.908,13.2,3.0
5.867,11.892,3.0
6.578,11.963,3.0
6.538,14.986,3.0
6.234,11.802,3.0
7.356,13.161,3.0
7.62,14.539,3.0
6.55,16.155,3.0
7.013,14.449,3.0
3.964,10.715,3.0
7.278,12.167,3.0
7.57,14.758,3.0
6.167,12.359,3.0
7.48,11.849,3.0
8.047,14.127,3.0
6.159,12.077,3.0
6.17,12.152,3.0
8.382,15.439,3.0
4.848,11.072,3.0
4.282,9.826,3.0
8.421,14.47,3.0
6.548,9.323,3.0
4.304,9.002,3.0
7.614,13.99,3.0
8.884,12.716,3.0
4.663,11.306,3.0
3.802,12.959,3.0
7.844,12.666,3.0
5.373,10.402,3.0
7.363,11.709,3.0
5.577,10.332,3.0
6.486,11.801,3.0
8.261,13.217,3.0
8.307,11.972,3.0
8.133,10.372,3.0
5.453,13.838,3.0
8.504,13.092,3.0
6.798,8.518,3.0
6.432,11.591,3.0
9.339,13.671,3.0
8.936,13.899,3.0
7.811,13.475,3.0
4.708,15.034,3.0
5.624,10.824,3.0
8.335,13.73,3.0
3.905,9.56,3.0
7.055,14.926,3.0
6.358,12.767,3.0
6.581,13.957,3.0
6.782,9.899,3.0
6.493,16.162,3.0
2.708,11.903,3.0
5.036,13.436,3.0
6.212,12.725,3.0
9.864,9.952,3.0
7.201,8.603,3.0
6.516,14.077,3.0
6.228,8.652,3.0
6.471,8.49,3.0
7.521,13.553,3.0
8.445,14.587,3.0
7.302,10.821,3.0
7.239,12.214,3.0
7.009,10.226,3.0
8.515,12.091,3.0
7.686,12.949,3.0
7.455,12.012,3.0
6.769,10.122,3.0
5.551,11.563,3.0
6.138,11.352,3.0
7.357,9.639,3.0
5.688,10.359,3.0
8.856,14.385,3.0
5.759,12.361,3.0
4.419,12.532,3.0
7.884,13.446,3.0
6.507,11.927,3.0
9.87,14.395,3.0
8.685,10.251,3.0
6.362,11.549,3.0
6.598,10.836,3.0
4.947,14.135,3.0
9.729,15.204,3.0
5.063,10.971,3.0
6.937,14.249,3.0
6.517,7.528,3.0
6.687,14.006,3.0
7.612,10.84,3.0
6.338,10.373,3.0
7.305,11.674,3.0
7.122,13.67,3.0
7.783,8.802,3.0
5.527,11.812,3.0
9.069,12.724,3.0
4.667,10.021,3.0
6.782,14.927,3.0
5.762,15.082,3.0
5.329,6.252,3.0
9.328,12.06,3.0
9.23,11.903,3.0
6.655,14.105,3.0
6.363,12.955,3.0
7.056,10.887,3.0
9.701,11.905,3.0
6.224,9.366,3.0
7.223,9.669,3.0
7.239,9.77,3.0
5.014,10.196,3.0
6.782,13.38,3.0
5.154,8.757,3.0
6.045,10.85,3.0
6.683,12.182,3.0
9.054,11.797,3.0
7.059,9.482,3.0
6.552,7.967,3.0
8,8.406,3.0
7.216,13.047,3.0
6.288,12.963,3.0
8.202,16.156,3.0
7.072,13.303,3.0
8.008,12.934,3.0
6.696,11.247,3.0
8.69,13.583,3.0
4.613,9.788,3.0
8.318,10.333,3.0
7.051,12.437,3.0
5.425,16.287,3.0
6.847,10.374,3.0
7.898,10.422,3.0
1.219,9.957,3.0
5.366,14.33,3.0
5.566,14.459,3.0
7.608,11.975,3.0
5.419,8.909,3.0
8.6,11.481,3.0
5.353,13.594,3.0
8.161,11.96,3.0
7.663,11.099,3.0
8.24,8.606,3.0
7.291,6.112,3.0
7.202,12.238,3.0
5.137,6.703,3.0
8.25,10.573,3.0
5.468,11.058,3.0
5.451,10.971,3.0
8.971,13.467,3.0
2.827,11.6,3.0
5.117,11.514,3.0
6.298,11.143,3.0
6.461,13.654,3.0
5.285,12.747,3.0
5.998,13.802,3.0
5.602,16.12,3.0
4.098,12.017,3.0
5.148,14.621,3.0
5.94,13.149,3.0
6.777,10.611,3.0
3.723,14.027,3.0
5.279,13.266,3.0
2.843,7.129,3.0
7.274,14.883,3.0
7.348,11.137,3.0
7.078,14.08,3.0
5.123,13.21,3.0
3.693,11.869,3.0
5.509,11.546,3.0
6.982,12.845,3.0
7.389,13.197,3.0
3.877,13.053,3.0
7.299,14.424,3.0
7.801,11.089,3.0
6.088,10.403,3.0
5.302,12.488,3.0
6.661,9.289,3.0
4.17,12.448,3.0
6.912,12.917,3.0
3.503,11.65,3.0
4.005,10.138,3.0
6.11,13.428,3.0
6.178,14.055,3.0
6.053,14.995,3.0
5.507,13.344,3.0
8.607,14.738,3.0
3.731,14.201,3.0
5.961,16.624,3.0
4.45,9.102,3.0
6.249,14.338,3.0
8.94,13.113,3.0
6.971,11.715,3.0
2.33,9.24,3.0
7.765,9.632,3.0
5.309,13.176,3.0
4.757,12.021,3.0
8.526,11.14,3.0
8.917,16.787,3.0
5.103,11.81,3.0
6.067,12.758,3.0
6.101,9.122,3.0
7.138,14.909,3.0
5.306,10.659,3.0
7.868,11.236,3.0
4.722,9.463,3.0
4.561,10.009,3.0
6.541,17.015,3.0
3.38,9.748,3.0
3.769,13.529,3.0
7.17,12.111,3.0
5.726,13.678,3.0
6.568,9.596,3.0
6.278,8.933,3.0
3.978,8.502,3.0
9.251,12.553,3.0
3.572,12.931,3.0
7.616,13.586,3.0
7.661,11.215,3.0
5.365,8.852,3.0
8.424,10.23,3.0
5.935,13.242,3.0
6.187,14.995,3.0
6.696,12.645,3.0
5.753,15.064,3.0
7.229,12.34,3.0
7.438,11.049,3.0
3.837,11.792,3.0
7.794,10.15,3.0
5.141,11.504,3.0
8.46,12.733,3.0
5.262,9.394,3.0
4.19,13.1,3.0
5.753,7.845,3.0
6.214,9.749,3.0
7.611,12.35,3.0
7.752,10.655,3.0
6.855,12.832,3.0
3.571,10.913,3.0
6.662,11.452,3.0
7.707,12.496,3.0
10.055,11.422,3.0
7.489,10.783,3.0
10.713,13.68,3.0
7.117,11.218,3.0
5.896,12.823,3.0
5.106,12.184,3.0
5.32,13.125,3.0
8.263,13.475,3.0
6.599,10.9,3.0
7.569,13.843,3.0
9.927,10.512,3.0
3.675,9.265,3.0
7.941,14.5,3.0
7.519,13.59,3.0
2.611,12.631,3.0
4.646,14.294,3.0
7.05,14.156,3.0
7.513,9.324,3.0
6.196,15.009,3.0
5.929,11.083,3.0
5.553,12.876,3.0
7.794,9.583,3.0
4.878,12.333,3.0
6.329,9.313,3.0
7.712,10.388,3.0
5.881,11.386,3.0
6.464,15.153,3.0
9.455,11.397,3.0
7.073,11.795,3.0
9.009,13.341,3.0
8.666,9.28,3.0
7.284,10.17,3.0
5.912,9.001,3.0
5.751,11.333,3.0
7.785,15.026,3.0
9.588,18.796,3.0
3.828,13.847,3.0
8.28,12.21,3.0
4.072,12.217,3.0
7.105,11.945,3.0
8.207,12.978,3.0
7.219,14.055,3.0
5.385,10.534,3.0
5.897,12.041,3.0
6.732,8.168,3.0
5.71,15.38,3.0
6.639,15.67,3.0
5.927,13.841,3.0
5.348,12.947,3.0
5.487,9.652,3.0
6.333,13.809,3.0
6.692,13.733,3.0
7.119,15.987,3.0
5.134,12.027,3.0
5.693,13.087,3.0
5.732,15.143,3.0
8.579,12.411,3.0
4.495,11.766,3.0
5.069,10.894,3.0
6.766,12.647,3.0
6.641,10.652,3.0
9.956,12.127,3.0
9.082,13.794,3.0
7.138,15.475,3.0
6.764,12.961,3.0
8.914,8.882,3.0
7.428,11.727,3.0
3.771,13.842,3.0
7.07,15.09,3.0
6.94,10.553,3.0
7.451,10.263,3.0
4.885,12.674,3.0
5.474,13.629,3.0
4.631,11.719,3.0
7.962,12.064,3.0
8.593,10.758,3.0
4.428,9.842,3.0
8.077,16.502,3.0
6.271,12.329,3.0
9.453,10.804,3.0
8.142,12.341,3.0
6.732,15.55,3.0
6.211,12.996,3.0
7.934,14.206,3.0
5.671,11.425,3.0
6.682,12.811,3.0
6.949,10.498,3.0
7.424,12.679,3.0
4.949,9.689,3.0
4.176,11.398,3.0
5.733,13.829,3.0
4.352,12.62,3.0
3.587,11.367,3.0
7.835,12.558,3.0
8.118,10.63,3.0
5.863,10.419,3.0
8.62,12.341,3.0
5.554,11.174,3.0
8.555,8.76,3.0
5.145,10.563,3.0
8.556,12.309,3.0
5.849,6.138,3.0
6.844,8.537,3.0
4.593,13.425,3.0
7.197,13.628,3.0
5.023,12.612,3.0
6.25,8.782,3.0
7.687,13.153,3.0
6.162,10.568,3.0
