x1,x2,x3,t
-0.5456734601029956, 0.05385047058636161, 0.0, 172.08484970725732
-2.5553566179437315, -0.7046856640705892, 0.0, 5.960192037053593
-1.249349098194393, 1.2588796691910398, 0.0, 41.49163211893762
1.9937263435049637, -1.5820805733425989, 0.0, 7.840914946251896
1.1595733564719, 1.3865420234706054, 0.0, 39.04687277932704
0.657764087277239, 1.756272418220279, 0.0, 34.458102501722045
2.4657039076340537, 0.619209761736776, 0.0, 7.899181306167176
1.0219751318768644, 2.395353072340984, 0.0, 6.734493553855798
-1.0840741090163915, -1.5232936549533014, 0.0, 34.83063271498076
2.7144726421275216, 2.96431494983237, 0.0, 0.0620729447808504
0.8264798235390329, -1.4440556694126332, 0.0, 50.10568772078715
0.9416657251043343, 0.7763474366459855, 0.0, 94.97298915007096
1.6273947141652485, -2.105606006720251, 0.0, 5.796894023552295
0.40032858605895427, 0.42861529556763944, 0.0, 168.39801971766383
1.529227559489307, -0.9120155286233782, 0.0, 40.983221038254015
-0.19116705655721455, -1.6316769861994815, 0.0, 51.876196904636494
-0.2968946177887748, 1.7828074882002278, 0.0, 39.05781129798094
-0.718181850546197, -1.1078330481999186, 0.0, 83.66140415829912
-2.896538468453344, 0.6485325915885665, 0.0, 2.442574377264965
2.960669487078417, -2.9969647415352396, 0.0, 0.028005247649508718
0.24765689226502996, 0.6161035958131444, 0.0, 160.43013919793964
-1.4952763062902217, -0.5262440144361897, 0.0, 56.93585988691909
-2.473777717660549, 0.35968300242363194, 0.0, 8.792009848219779
-0.7660326017072299, -2.6999975027688947, 0.0, 3.895886043080057
2.059484838293491, -1.401863345604592, 0.0, 8.979714124263168
2.800603973098273, -1.486122411948717, 0.0, 1.3130414291022767
-1.810627193872106, 1.096136642466309, 0.0, 21.292910554055265
-2.5626254724755153, -2.287789216194705, 0.0, 0.5476071994306688
-1.8983395180127303, 1.342727004856913, 0.0, 13.396761503943189
-1.5195119996767334, 1.4977180857122612, 0.0, 20.53805025770462
-2.0078870561204085, -2.295346469743381, 0.0, 1.9121044530597284
2.7451168503619465, 1.1080191797087213, 0.0, 2.5008504503757236
-2.090593213013378, -1.1626501765641208, 0.0, 11.440385224636747
-0.5783919717030219, 0.9673296507371969, 0.0, 105.97311220427746
1.7684785946373012, 0.5208519324958436, 0.0, 36.55857354161603
-2.238775826033522, -2.5726491417187294, 0.0, 0.5963049770935902
2.618064744350348, -1.0188857778801679, 0.0, 3.8656187104823165
-1.027331555674644, 1.4447902696493617, 0.0, 41.55022108678365
-2.0401860240077268, -1.889071158246748, 0.0, 4.190595884988217
0.6900561958134466, -1.8765244158019, 0.0, 27.100621150548932
1.7530184992725069, -0.8194567385872578, 0.0, 30.754175201445072
2.5909961768963585, -1.3127215447969565, 0.0, 2.944879339966196
-0.8688749645006828, -1.8935292156442871, 0.0, 22.830995610362912
2.680137340624799, 0.364158509130295, 0.0, 5.157456720468916
-1.617023411165079, -0.5168493607994584, 0.0, 47.34060479389445
2.5583516519849, -1.0731447488129748, 0.0, 4.262756228191555
2.6549115260768374, 2.3311462844617967, 0.0, 0.38942587538541595
0.41099658212909906, -2.3131932285996397, 0.0, 12.659739183284568
0.23225899685056817, 1.9112702463812727, 0.0, 31.339154817352505
2.8302750499790648, 1.8223521940694623, 0.0, 0.692536162315516
-1.9212060135984448, -1.2266387648964137, 0.0, 14.886872188752095
1.0002408154162312, 1.5322687955948222, 0.0, 37.492941596211885
-2.5208670725563733, 2.8759985877687573, 0.0, 0.13335347484340018
-1.39353631198074, -1.1822313190375637, 0.0, 37.6566736789494
-0.3791008532330218, 1.025449605016835, 0.0, 110.02253317641524
1.1336497659084719, 2.4654173208428807, 0.0, 5.035914748985571
-0.6196304961875079, 0.7536001541709547, 0.0, 124.2616961390115
-1.8787016277249038, 2.879827584736896, 0.0, 0.5416441757905849
0.059184653694595024, -1.6055661613209329, 0.0, 55.01713079533408
2.3747747436977233, 2.1534127114798256, 0.0, 1.1734482915721423
2.6974704839107737, -2.9952681605645197, 0.0, 0.059268825701034415
1.667443741240601, -2.14882835052442, 0.0, 4.950068483018161
-0.8004414578051025, 0.04005667280469094, 0.0, 145.0620866172464
-0.5267272581053035, -1.3865645131715847, 0.0, 66.57412507970207
-1.7556465001001529, -1.4874817167664356, 0.0, 14.16634556540351
2.435276720538341, 0.8181721716586492, 0.0, 7.376713118545142
-0.2170727337324614, 0.84864157822927, 0.0, 136.27308038703228
2.879363347597188, -0.23183798557019397, 0.0, 3.0835338618846517
1.3928378259095702, -2.7986065980980577, 0.0, 1.5101656041665195
1.3392359961073002, 0.10197418912849798, 0.0, 81.15342284353997
-1.2991613942151192, -2.593444828962231, 0.0, 2.978527830985252
2.812970526406927, 2.259444451365331, 0.0, 0.2980098202764788
2.9523913800631503, 2.6474364389350864, 0.0, 0.07696150531664916
-1.100526879384383, -1.9502490101253325, 0.0, 16.297342532038908
-1.53719239061798, -2.068050500960285, 0.0, 7.231313595075579
-2.384283989319871, -0.0699926455158888, 0.0, 11.628544526113725
0.9234505405940427, 2.137449228689687, 0.0, 13.297716296752125
0.8764090154193376, -1.7099803023119402, 0.0, 31.571495369823726
1.8089630435897224, -2.333135119581789, 0.0, 2.560964580797941
-2.1428147895593637, -1.3290660274543429, 0.0, 8.325153737843584
1.0827671130638432, -0.032965798751311226, 0.0, 111.22794831863145
-2.171282752868815, -2.3011627290089907, 0.0, 1.340989826013275
0.1301282452508996, 0.9477511821337892, 0.0, 126.5622819992104
-1.5533126793285772, 2.022142519997626, 0.0, 7.747707871278799
-1.6151422749333466, -2.5203429155219403, 0.0, 2.2657614342405243
-0.037180847374221226, 1.6259622491111614, 0.0, 53.29004501761514
-0.861802566290768, 1.6927560793448908, 0.0, 32.92571498093604
2.849361218593163, 1.8750295608536174, 0.0, 0.5951271269607202
0.6524117144519526, 0.4715042897359867, 0.0, 144.65313386594255
-0.44348862630674546, 1.750353036799292, 0.0, 39.17772748813759
-1.4596318366984173, 2.3471667794030777, 0.0, 4.386180803566917
-1.4574125396282818, -1.986211131040302, 0.0, 9.619327758681234
1.4440401215544165, 2.9270420932626573, 0.0, 0.9722947520437718
-1.0961558433819891, -1.9102320840206817, 0.0, 17.690809061365457
1.610582065650811, 1.7977136465537589, 0.0, 10.863873143234457
-2.214022692439773, -1.4312357036799588, 0.0, 6.1913385390028015
1.0831034135378816, -0.2524745958662873, 0.0, 107.7581273046188
0.28855302324842835, 2.97885212228519, 0.0, 2.2702863291168653
0.8381095376821404, -0.6149794377412574, 0.0, 116.51310005974851
-0.4239841708865626, -1.053227720720856, 0.0, 104.98229974806739
1.471631927057417, 0.7643427837463914, 0.0, 50.5699313035432
-2.989294952284065, 0.32445462703508987, 0.0, 2.1765472875011134
-0.19710078593510172, 0.6720298504811941, 0.0, 156.5039026407731
-1.1860836804583919, 2.1368819232922114, 0.0, 10.092453243894294
-0.9740931036482419, -2.9622130492957015, 0.0, 1.5473373337638154
-2.427201498210391, -2.483136133574824, 0.0, 0.48175542108899
0.7670482788488098, 0.36558682467922576, 0.0, 139.39462957760597
-0.6568809264599955, -0.7784278256199872, 0.0, 119.05625957449972
2.5286560189917937, -0.26506121328629373, 0.0, 7.894276568934409
1.8529620260464457, 2.705189707024239, 0.0, 0.9254802898702598
-0.26499142085163196, -1.0854000209372396, 0.0, 107.14258712018636
2.3299011979164685, 0.5138872637412222, 0.0, 11.612214411075755
-1.3060207038959184, 1.1486505829380675, 0.0, 44.069734141906046
-2.689043997727704, -2.2871548197770557, 0.0, 0.39348984074826915
2.063887951096488, -2.7290163323433583, 0.0, 0.5739204725126474
1.5701476718359046, 1.498330669515707, 0.0, 18.975299617137182
0.23571719255079904, -0.004297671298192363, 0.0, 194.51841439441156
0.16251129059991642, -1.6278179133310064, 0.0, 52.468701361666604
0.7864300485315696, 1.0841607768948993, 0.0, 81.56326370064055
-1.2036222836414274, 0.2649302568742371, 0.0, 93.58499354023479
0.48429758155910774, 2.2972883861936477, 0.0, 12.708592355525969
-1.9604096476621204, 2.629796831950962, 0.0, 0.922008058297293
2.247080343033292, -0.3453580686063349, 0.0, 15.089456195914428
1.2440751642578896, -0.7478284611764079, 0.0, 69.74405302063751
-1.6510444115559195, -1.1017209330429096, 0.0, 27.89504389652872
-2.1374550346856447, -2.0457191736491276, 0.0, 2.512999061689302
2.260707886643557, 1.3337759727997929, 0.0, 6.38172297307279
0.8924772070835747, -1.8848701228399503, 0.0, 22.730142201924934
2.2161275556232987, 2.4208280533667006, 0.0, 0.9162211284546475
0.07416243854055304, -2.040919416761617, 0.0, 24.850833669432472
0.1747588705952472, -2.489426865150066, 0.0, 8.885528806956108
-0.4290749339237472, -1.8496384476922747, 0.0, 32.972817948048885
0.004521355980138253, 1.2633162424254376, 0.0, 90.04622783121442
-1.5634740406321137, -1.0342392051616724, 0.0, 34.510597884929425
-2.8491277269808215, -1.576441893076985, 0.0, 0.9969730336271465
1.6260785460197917, 1.7186003598678283, 0.0, 12.175893436685037
2.5601445307783752, 0.1314816138631727, 0.0, 7.482026291740597
-2.1107307225960756, 2.8623289108928613, 0.0, 0.35853172749536494
1.3268516512744029, -2.0352401835707923, 0.0, 10.453620857041399
0.27820519492581575, 0.8026704469492616, 0.0, 139.41824583487835
-0.03898767022766991, 1.3043969289378143, 0.0, 85.3560791833099
1.6271978860770977, -2.757633416383359, 0.0, 1.1878677067012025
-0.9162153736247527, -2.44167704735104, 0.0, 6.670525612752639
1.8736967312149373, 1.6172395287764258, 0.0, 9.348499036390102
-0.7116084790808883, 1.537404654120925, 0.0, 47.62307999372439
1.4341131074441842, 2.856885921821622, 0.0, 1.2081358827721849
-0.9270129734824795, -1.4644041217776105, 0.0, 44.54059961384358
0.12673543760646933, -0.8725980447936692, 0.0, 135.58147580767994
2.7661965891386613, -2.5494005198069996, 0.0, 0.16908970204720541
-0.35593638727986265, 1.708892897371963, 0.0, 43.589423615797045
-1.9200298360317516, -1.7128312020158343, 0.0, 7.3021200048948005
1.7457623799230362, 0.9028305087336386, 0.0, 28.98918296567605
1.3611346432433908, 2.7805563410164043, 0.0, 1.6590195996044936
-0.40782387861864855, -0.8674977939233837, 0.0, 126.32791133886516
0.6414174294692687, -0.40630349102748653, 0.0, 149.91492158107906
2.40614816899466, 2.3642750084849355, 0.0, 0.6761398829510227
1.1394759876893268, 1.3567894894430506, 0.0, 41.62395088238467
2.0731544217995106, -2.9932903942840388, 0.0, 0.26432894332005824
0.00897637466464829, -0.9762432028036008, 0.0, 124.18242866790432
-0.21165443687958696, -1.3232838605148571, 0.0, 81.48170189986101
-2.742918644190544, 1.5671421462960877, 0.0, 1.3614479042115661
0.7131702598111653, -1.8497036511387268, 0.0, 28.030961252462134
-0.17617954889102005, 2.9172000458278564, 0.0, 2.7948255681746423
2.6372428442265043, -2.4767542765572217, 0.0, 0.28754859228407975
-2.4160259998980935, -1.6169914062642134, 0.0, 2.9223729678991615
2.989308086852094, -0.42771570151766536, 0.0, 2.09355920574768
-0.952421086790328, -0.07684415732028871, 0.0, 126.69870813314319
0.9095179448398558, -1.159906662337276, 0.0, 67.49234525971114
0.34569517332308575, 1.1130390552586444, 0.0, 101.40646239709419
-0.7382309155383302, -2.2123015590057546, 0.0, 13.179806270656572
1.3624841588938228, -2.8913561359697217, 0.0, 1.2094499535666148
-1.5998051907930384, 1.448182408558126, 0.0, 19.492171005898264
-0.15176779270705998, -2.621709384852515, 0.0, 6.360586472669423
0.5937136994427741, -0.3758785038099912, 0.0, 156.2452773628243
-0.9258749201594889, -0.5916972323062439, 0.0, 109.35969192049018
2.9994122047680705, -2.3033426682638742, 0.0, 0.1568268193011615
-0.5889656434750168, -2.317309988115737, 0.0, 11.472057676580866
-0.8356288784918751, 1.1175868263918263, 0.0, 75.54129028835557
-0.7724673234510182, 0.6201380896130697, 0.0, 122.44707043784754
-1.8767919392334755, -2.5982640523997524, 0.0, 1.1754550297188495
-2.9136749258699686, -1.145569850033768, 0.0, 1.4879531326995412
2.6918356476356884, -1.5287467491703564, 0.0, 1.6599616140875584
1.3626323142724974, 1.8769534425065855, 0.0, 13.57808155039328
-0.0759065057109245, 1.3341135242834712, 0.0, 81.90065758153672
1.223013781347741, 2.2053985148118302, 0.0, 8.319022061983333
-2.6529028399696495, -1.6591849362687014, 0.0, 1.4961921308493575
2.567817354875295, 1.4257702737899756, 0.0, 2.677983124550758
0.22384251207444716, 1.5037390901031307, 0.0, 62.96940703882174
2.1490014555069417, -0.3789978985481164, 0.0, 18.493032418403065
-2.85577371491738, -0.5712976420884948, 0.0, 2.8788908925265653
2.324039972107932, -0.20428664596289003, 0.0, 13.155895086371864
0.6523922713195605, 1.193127607850835, 0.0, 79.33923590514553
-1.9579203526814837, 0.07220843508138763, 0.0, 29.340953890081327
1.287971964350973, -1.9786337702505685, 0.0, 12.321992546308822
2.193353345919565, -0.9154615248205253, 0.0, 11.868442831561524
1.3111029688422127, -2.866836866721762, 0.0, 1.3901964372178428
1.487643381183954, 0.4820216743546353, 0.0, 58.886007836616535
2.010118704820246, -2.028828088440438, 0.0, 3.387042279357945
-2.6399278174549314, 0.16137151612648637, 0.0, 6.053808285895012
0.6524325961919497, -0.4522411368167085, 0.0, 145.94388482988484
-0.1783124275335699, -2.7817065781879458, 0.0, 4.110209342289097
2.261950181690618, -0.9482186801409611, 0.0, 9.880357760081877
0.13805778614406616, 1.2882717032054742, 0.0, 86.39807536990102
-0.9635271384035056, 1.3662526545306442, 0.0, 49.44208256407218
0.8508743212645595, -2.576149076791282, 0.0, 5.043255359947335
2.1545806619319094, -1.2509654548232936, 0.0, 8.97776681942909
2.582209241970401, 0.2552847916867771, 0.0, 6.902129032579526
2.594450811029989, 2.653476715317993, 0.0, 0.20438711143418395
1.5135052737773487, -2.1419712720752537, 0.0, 6.4169812348321615
0.5229685653620431, -1.848384082403983, 0.0, 31.604750713484712
-0.5588473394381523, -0.011209629745411398, 0.0, 171.0745393660271
2.4448431700300794, -2.667480852313481, 0.0, 0.28706725715111625
2.3612803292677205, 1.2943592483042625, 0.0, 5.327126837829868
-1.6545593284211535, -0.5907197944209273, 0.0, 42.73674732187834
1.487059097884167, 2.2137070564403505, 0.0, 5.711007885173858
-2.8529360959086834, 2.402877735934468, 0.0, 0.19047858145452096
2.1279512620789234, -0.9935654176367112, 0.0, 12.687826114715742
2.8828169842486933, -0.6398166104866014, 0.0, 2.55567873142435
-0.95021732580609, -2.746567602714898, 0.0, 2.9301220729251174
-1.1109353120635082, 1.2355974902916813, 0.0, 50.29361616012827
0.8391460853199417, -0.5483669768580879, 0.0, 121.0109599555592
-1.337774786697666, -2.155451827619749, 0.0, 8.00855532583359
-1.8594045847896736, -2.266909177459894, 0.0, 2.7187876176976165
2.24199948714167, 1.6316026758915774, 0.0, 4.280085005043725
-1.5251053992536834, 0.18993201653166647, 0.0, 61.393688805118465
1.4929390682823902, 2.2676317856366373, 0.0, 5.016873235202074
-0.8354424253592727, -1.4961312025212898, 0.0, 46.06857539832101
1.764372772250141, 1.4429769484549562, 0.0, 14.890456284791497
0.07979883676920618, -0.7808282282368344, 0.0, 146.97861181965732
-0.5032046488045774, 2.57752326804947, 0.0, 6.359163277721495
-0.2525201212844319, -0.051479065317178385, 0.0, 193.46741756960003
-1.5457829503962708, 0.39342309280420107, 0.0, 56.04775172187675
1.6599987075290397, 0.9251262966693465, 0.0, 32.87097927691388
-2.3764823690828614, -0.5692815712240442, 0.0, 10.099060377608579
1.5209731716744344, 0.15083622197825175, 0.0, 62.194208790038985
0.3157502152857181, 0.9448492114031763, 0.0, 121.76564456689208
-1.8922612179600413, -0.08008902598474199, 0.0, 33.274255238215986
-0.26665216342514597, 0.7458489234108319, 0.0, 146.14808231771744
1.4742164199288927, 1.2422730744973016, 0.0, 31.188178985208694
-2.424575291810519, -0.21841737238706926, 0.0, 10.331336130456839
2.4857652508495924, 2.857785303474703, 0.0, 0.15340627342945903
2.5466977501878585, -1.63573689954568, 0.0, 2.049641805531559
-1.7952837231746026, -2.1659828625727586, 0.0, 3.8230734329140508
-0.9465731238130335, 0.9191912622116503, 0.0, 83.75205761346261
1.731097845113358, -1.4254415533297127, 0.0, 16.184041771362896
-1.6414216498764107, 1.7683546690625809, 0.0, 10.887830878659035
-1.9925569580781624, 0.7300003479275277, 0.0, 21.046315243016448
0.4896483334251389, 2.682198470827122, 0.0, 4.861491592596155
-2.6797777067879482, -2.9653322596679175, 0.0, 0.06795669482633719
-2.518778826141641, -0.9822734739193546, 0.0, 5.174606979388513
-0.5374363627262282, -0.33200558120677615, 0.0, 163.8226747919291
-0.7217178335474546, -1.7584802751997264, 0.0, 32.843459127426094
-1.2359199558283396, -1.0672138607901673, 0.0, 52.72530892957177
-2.4201275806402407, -0.8906680353139138, 0.0, 7.193399278759141
-0.5823055431103183, 0.46280295400041727, 0.0, 151.666526584507
1.258051303358826, -0.3758815469023906, 0.0, 84.46416460989522
1.3772654039096022, 0.5921462120155425, 0.0, 65.01180065412636
-1.2340919719890713, 1.7992241451129152, 0.0, 18.50835231536143
1.583652449736011, -2.969804641102927, 0.0, 0.6938288398248176
-0.6724668317694249, 0.10689536293466961, 0.0, 158.6179114117695
-2.699243887877809, 1.6326698299901725, 0.0, 1.3806483346274956
1.6840115422815982, -1.819324626568422, 0.0, 9.257174577326097
-1.1933714896581145, -0.37983980673993045, 0.0, 91.29631916776036
-0.7627587192913197, 1.0035103665865348, 0.0, 90.36892033648397
-1.4183240192138775, -1.6935527612434136, 0.0, 17.434227596455116
-1.630849232271721, 2.6759170950304583, 0.0, 1.4743491049381212
0.35458308305524167, 0.2574467948279491, 0.0, 181.69207508527546
-0.845969175038138, -0.84908149251505, 0.0, 97.51593041459063
-1.1178269398561074, -2.721731447545707, 0.0, 2.6369891597457147
0.9294048205554741, -0.5853524411640452, 0.0, 109.40996418301303
2.76795741117507, -1.7216547844155237, 0.0, 0.985580622664677
0.6469592643943818, -2.2561042192630794, 0.0, 12.730950775522412
0.3031823746547122, 2.5227342268491375, 0.0, 7.926912382436269
-0.7053221337636693, 2.3090174800560765, 0.0, 10.846005426672113
1.5006918524723343, 2.4516126819782276, 0.0, 3.2125884319296207
0.3015960051109383, -0.5242771409264231, 0.0, 166.56806607699116
0.40917400472888854, -1.546453738684665, 0.0, 55.63686941856582
0.014658716746210665, -0.7787878723606934, 0.0, 147.66624893518605
-1.987983687529332, -1.9365269419992488, 0.0, 4.251234864399037
-1.875869133356564, 1.844045200595124, 0.0, 6.287877119609536
-0.48047882455838664, 1.4130401945797626, 0.0, 65.663690740773
1.5282969345012134, -1.4041139138425953, 0.0, 23.21279569067306
-0.2839036070993486, 2.8927026135642944, 0.0, 2.9275108778357124
-0.21746722142109665, -0.38703015950804875, 0.0, 181.23149612299468
-0.7335937448751051, -1.3025462415875515, 0.0, 65.42628699666298
-2.353465516726907, -0.5083994716341649, 0.0, 11.019675820975948
-1.5625148559233646, 2.867514628002837, 0.0, 0.9668334405517081
-0.7416946398385846, 2.2514101962608386, 0.0, 12.047268590462066
1.839654084650042, -0.9105255443078191, 0.0, 24.327938138102052
1.7357456923254917, -0.07112970818377473, 0.0, 44.22901822703294
-1.367402911791344, -2.1077230356101087, 0.0, 8.517933866833067
1.578707179757024, 0.5715553627308974, 0.0, 48.853275112354986
0.4600462563031198, 2.2385602096901493, 0.0, 14.686374825947112
-0.6861696972822386, 0.15398766411099718, 0.0, 156.18588047982428
-2.3831832214914943, -1.8260064478491986, 0.0, 2.206453464143307
1.594637845471091, 0.7787766119961814, 0.0, 41.41470171770958
0.672900003581419, -0.34368156202836353, 0.0, 150.3343255763565
0.5907045307981811, 2.3924170240645415, 0.0, 9.602484208129866
-0.620005369658736, -2.2023939938359227, 0.0, 14.597413935253067
-1.7537854889278248, -2.207833842997136, 0.0, 3.7553085670478783
1.7369818763491, 2.694900440418696, 0.0, 1.1717755414524724
2.737554200824107, 0.7487473050511118, 0.0, 3.564075173764123
-0.0833567561483477, -0.30652192671335765, 0.0, 190.1599093546053
-0.8210274981096068, 0.8965861135683473, 0.0, 95.52050731340557
-1.1542718172770527, -0.4843171261995929, 0.0, 91.36514985209215
-1.5742463990852644, 2.1342098475745725, 0.0, 5.940335820946947
-1.7158697742019824, 0.8893485159262564, 0.0, 30.899575135467867
0.6835317822321665, 0.44342552401102653, 0.0, 143.50880902007708
2.8171744467450726, -0.7103350110542763, 0.0, 2.9381893400311294
-0.9113995182720531, -0.7878926891387872, 0.0, 96.79597189827697
1.0603518985187304, -1.145124238520629, 0.0, 59.174430501246036
-2.282477290338058, 0.9680926053201118, 0.0, 9.252228392941202
-1.6431096071576423, 0.7037201104474207, 0.0, 40.47974716586262
-1.84500551695267, -2.3830175122021897, 0.0, 2.131675853447777
1.6814719141133265, 2.244353919002535, 0.0, 3.919959063256579
-2.575668300724564, 1.9695857332638056, 0.0, 1.0425293090905832
1.2535237483234871, -2.7226972405476815, 0.0, 2.2391948088249203
-2.6773647686973367, -2.6851765813422617, 0.0, 0.15093434737992187
-2.4869587078838284, 0.6839155418058236, 0.0, 7.184783055761675
0.45597321238412647, -1.3621987741206245, 0.0, 71.27665334511497
0.37162373987404873, 0.30755784203700687, 0.0, 178.03307567517052
2.4868640854338615, 0.6135208886783734, 0.0, 7.522262344608439
0.07436346710860109, 1.6078565878570394, 0.0, 54.75950715947662
-2.6214162609190477, 1.3911072718159652, 0.0, 2.4468856170038125
1.1295894681238705, -1.7079259426819324, 0.0, 24.57735942196657
-2.5767506193362486, 1.36429739429372, 0.0, 2.8514903841034887
1.4055580288721519, 2.8194884659247412, 0.0, 1.3990075264442219
2.2184585369462653, -1.0166492116409522, 0.0, 10.183313167894788
-2.6840229339721855, 1.0154514567854411, 0.0, 3.2568386348439025
-0.9716873897457314, 2.3052438472162837, 0.0, 8.750882717561758
2.491598282338085, 1.9764092758429985, 0.0, 1.272762268928199
-0.02828279951764756, -2.5873467744344403, 0.0, 7.033860788204478
1.6610247577067296, -0.8323012149822784, 0.0, 35.603825411354585
-0.32186266732900837, 2.3459853432109776, 0.0, 12.118048622782492
-0.6264778149758885, 2.0897849372023876, 0.0, 18.513118674884865
2.4043007763327244, 0.3633490895263032, 0.0, 10.401759500533736
1.7615235211856968, -0.5210916381678921, 0.0, 37.00550039865295
-1.3111928539270494, 0.5827537412720183, 0.0, 71.44322333134306
-0.6240841424173023, -1.0419339140540536, 0.0, 95.6565064897585
-2.602894952523531, 1.8422472163075954, 0.0, 1.2384355088574415
1.554759155382154, 1.3431751576837812, 0.0, 24.230679999967624
-0.6491953363588872, 0.8752727592013327, 0.0, 110.44734291498202
-0.10297349193260086, 0.5956993297015307, 0.0, 166.5985041205548
-0.8015835499697026, -0.8880555947851803, 0.0, 97.78076717431875
2.2683538719701897, -1.0318497390000523, 0.0, 8.964261971627828
-0.845267552351503, -0.6005349011487349, 0.0, 116.8344137503134
-2.8130109419060245, -1.862121578229077, 0.0, 0.6757404008224691
2.5168719549722187, -2.461389014779129, 0.0, 0.40729286049080665
-2.7210300876034847, 1.497946164702178, 0.0, 1.6070394600447946
2.593398451100608, 1.1209271162121022, 0.0, 3.695887827190415
-0.875568136852837, 0.7163624393064492, 0.0, 105.46931032327211
2.7402246210271013, -2.534844700749143, 0.0, 0.18846990335299924
-2.464421272904046, -2.6684415070367358, 0.0, 0.2728975642164423
2.6857854300236674, 1.450000319422558, 0.0, 1.8971356865797988
0.830640489588772, -1.5299462230667888, 0.0, 43.9462735586658
-1.551987008359658, 2.447697456815055, 0.0, 2.999285547402968
-1.5227696281783465, -1.56379109740399, 0.0, 18.47063914556592
1.853860454868686, -1.0461653771168116, 0.0, 20.752922400663778
-1.115858685894924, 1.919705669190451, 0.0, 16.998279532148548
-0.6812741866484808, -0.5944208755131872, 0.0, 132.89801362620815
1.0779181507653561, -1.1156089301193117, 0.0, 60.04365939503703
1.4274359602434528, -0.1904907030131584, 0.0, 70.90828647820192
-2.0093817308434203, 2.5880088603858677, 0.0, 0.9329673864739594
2.292541169455177, -2.714315847016583, 0.0, 0.3630152629314552
-0.446648726892386, 0.35858536051290324, 0.0, 169.7417379771186
-0.080668069759815, -1.2204038518478189, 0.0, 94.66751559504242
2.957940511337572, 1.429976830705371, 0.0, 0.9059188595593742
2.6227584447914936, -2.3745093158595707, 0.0, 0.382793037136845
-0.7769980836542025, 0.39105272969005966, 0.0, 137.0016866200859
2.9798560297151955, 1.0980632740151108, 0.0, 1.2913328612812838
-2.0652905290571244, -1.9033255131535207, 0.0, 3.8739740921156063
0.9489589102505027, 0.8661806752042605, 0.0, 87.61229822873494
0.2180180713091202, -0.224357135906454, 0.0, 190.4487947788263
-0.022834404392807706, -2.6223870334777173, 0.0, 6.42116640910122
-0.7806138527780626, 0.5177643182657583, 0.0, 128.97240004603557
1.4366208309581792, 1.8643687683762824, 0.0, 12.533965613339296
-0.1222866570263923, -0.061889211282954104, 0.0, 198.13036360096302
-0.320278231566848, -2.168887878672713, 0.0, 18.083338303738422
-0.0729365339116681, 1.9173152359569992, 0.0, 31.74098158876506
-0.944543313164238, -2.689607129826337, 0.0, 3.439214405876446
-2.8022725877527606, -2.1448377807365278, 0.0, 0.39525940254330605
-2.946935162756165, 0.49396150207742506, 0.0, 2.3027520636107606
-0.9957153194700643, 1.0086983652272785, 0.0, 73.24841957000153
-1.5331399788635507, 1.192418046977135, 0.0, 30.329713324448342
-1.013193132259588, -1.673952055294988, 0.0, 29.487883884694497
-2.8055669118249504, -0.4159727851542918, 0.0, 3.582990687319336
1.953572983247592, 1.025278305702451, 0.0, 17.5402083254748
2.997080561257711, -2.8722793726377027, 0.0, 0.0362280000885063
-2.600192883051326, -1.7822425602892964, 0.0, 1.3904418581081517
-2.7428272520966335, 2.244630030403969, 0.0, 0.37440570844884136
-1.0742405192837452, -0.10604543309257153, 0.0, 111.68676398771838
-1.4754226287543777, 0.6183157904764016, 0.0, 55.630087192548075
-0.6080767219663628, 0.07386168889904177, 0.0, 165.78817878272656
1.8823174948667702, 2.697202339823149, 0.0, 0.8952140384735177
-2.6559946400445704, -1.959853759103185, 0.0, 0.8612678114319863
2.5218600602834815, -1.408405982170204, 0.0, 3.0852249727508725
1.658660699475023, -1.5109531414601645, 0.0, 16.13918249533548
-1.2447547943476067, 2.498766637409945, 0.0, 4.0620702742138945
1.4361692384696108, -1.6915117782961033, 0.0, 17.054605383536735
1.4813649971994325, -1.5138380877174251, 0.0, 21.226350567957578
1.601174210405885, -0.264668492579339, 0.0, 53.5927198432269
-0.1851353012537027, -2.8928244703122683, 0.0, 2.995056567329048
1.36787816183148, -2.2931644334027625, 0.0, 5.6602636614693544
1.9065300213633183, -0.5281968838437248, 0.0, 28.258464225488368
-0.08611228385236513, -2.2648525297450623, 0.0, 15.330299247630741
0.646390463107525, 0.5614832248991677, 0.0, 138.62540195177453
2.344223257926707, -1.8981931019500635, 0.0, 2.11500568174816
0.7587588179317306, 2.0085505031813806, 0.0, 19.95185921520805
0.7380145434740597, -2.830739248431836, 0.0, 2.771648548549938
-2.5484930864873014, 0.25985474845011547, 0.0, 7.516845852490245
-2.632739567763039, -1.049838917808752, 0.0, 3.602318529177346
1.614693168912444, -0.5186610172340531, 0.0, 47.47464249486075
-0.4666609608388108, -2.55996632043028, 0.0, 6.771464323637535
2.7182626856403465, 1.8910599039401736, 0.0, 0.8317590964122055
2.0433595347118487, -0.06799918360956259, 0.0, 24.738143606004062
-2.841174330633697, -0.8106367831535497, 0.0, 2.5436894867199196
1.1004349373435058, 1.091383837451425, 0.0, 60.1763549691526
-1.546189758253458, 1.9059229011378438, 0.0, 9.842354193374467
2.9810617647739095, 0.982583766135197, 0.0, 1.450948260020101
-2.749603080591159, -0.9305184944335272, 0.0, 2.9601101542240627
2.712619207040321, 2.6335197717763066, 0.0, 0.15746574934800905
-0.012145357424794945, -1.557234569001445, 0.0, 59.486765560006596
-0.5755503018827057, -0.7036375030345536, 0.0, 132.3083818131774
2.856127358386223, -1.905910867526785, 0.0, 0.5506463578916576
2.1071279580542104, -0.8764472454407306, 0.0, 14.794320597667163
-1.495606727503923, 0.7140830680452934, 0.0, 50.650054709189305
-2.553963326940371, 0.5895306680297168, 0.0, 6.4441956381787975
2.80503147865874, 2.398908364425705, 0.0, 0.22021210090658133
2.738516445154053, -2.8728423291567817, 0.0, 0.07592340181920493
-0.8081222209418044, 2.3140181144648206, 0.0, 9.918946216932975
-2.0636015152926355, -0.5516426454379828, 0.0, 20.428621974057542
0.8766929024720893, -1.1311657944608042, 0.0, 71.82654510029954
-2.79141377108594, 1.3891324037968165, 0.0, 1.548795494027867
0.18149137983516272, -0.0452028631232122, 0.0, 196.53217466397078
1.5266200212141952, 0.1427710432300735, 0.0, 61.734395342578864
-1.5184126928672659, 0.25102981095206367, 0.0, 61.1922673242578
-1.3885058695568429, -2.4763640960764235, 0.0, 3.554283598303721
-2.4103524788042265, -2.3276841097389456, 0.0, 0.7293228144182986
2.0651112147095363, 0.17970067992323902, 0.0, 23.332075267162253
-0.14235713190279498, -1.095217415580631, 0.0, 108.68284873494794
0.3358676634088682, -2.1232851383317763, 0.0, 19.840869639969867
-2.766960015276368, 1.0475829590680048, 0.0, 2.5132292384057386
1.1199250221822155, 1.0020085821839508, 0.0, 64.66310163423073
2.123689719117814, -2.1491765952791018, 0.0, 2.0829982791888253
-0.4171761469794979, -1.4580117150218679, 0.0, 63.332607137282395
-1.6564293117064541, -2.0757464785240973, 0.0, 5.8830575170365105
0.5622119663248131, -0.43143701819833913, 0.0, 155.58734353282432
-1.4761070930884026, -0.28927165978180724, 0.0, 64.52367720162994
2.6650458800245946, 0.4531840298612515, 0.0, 5.177874856708675
-1.617230121224844, -1.2565146499449, 0.0, 24.56164798235312
-2.5974298353076826, 1.8175896029597727, 0.0, 1.3141374376832289
1.0190462162325442, -1.8023170424428423, 0.0, 23.451076743355255
0.570747374155629, -0.16658404935722304, 0.0, 167.5976156048046
1.6494934010709335, 0.3946462265626032, 0.0, 47.466789799154306
1.425926503822728, 2.2678888955522023, 0.0, 5.529094993214249
-0.33697185163571763, -2.713987631925219, 0.0, 4.7525338552608325
0.8446111579698039, 1.3132196297896792, 0.0, 59.10765631106866
1.296997216702648, -1.8051423663810737, 0.0, 16.910707395918124
2.602914984144898, -1.933038091471973, 0.0, 1.043328441968874
0.26094554726055996, 1.8003015646700113, 0.0, 38.23411635568315
-0.46877552009597245, -0.7814471731586226, 0.0, 132.04097356403574
-2.2705864984492536, 1.8411248785391754, 0.0, 2.788950705543149
-1.3684340360539644, 1.234616150563924, 0.0, 36.593586448915495
-2.729318607931372, 2.5009730080719343, 0.0, 0.21146291074015838
-0.15755667948657326, -1.210265433041152, 0.0, 94.96744073169899
2.81030514539348, 2.7625926061078285, 0.0, 0.08487725777954591
-0.5767113999498896, -1.676107627402852, 0.0, 41.56884455913511
-1.6946657065440742, 1.784107346863582, 0.0, 9.687650456122755
2.38132661249458, 2.0940037900493307, 0.0, 1.3106631263947062
-0.6408670616583549, 2.3914206392724155, 0.0, 9.332619479284913
-1.6779738144010006, -2.3662941275495006, 0.0, 2.976789457837491
1.8676330694357217, 0.26223763333373773, 0.0, 33.78126765122686
-0.954037767383161, -2.4327554346778753, 0.0, 6.580257203650356
1.2299027685255446, 2.98915625140045, 0.0, 1.0773016137679872
-1.2295582074631106, 1.3320134759052555, 0.0, 38.67837753166543
-1.9286168918124056, -2.896831642536907, 0.0, 0.4689397546243838
1.170727749858571, -1.8532448826838126, 0.0, 18.097201929780702
-2.242905854484821, 2.2861625044350147, 0.0, 1.1849902327696031
2.5655983078613236, -1.2724442803725584, 0.0, 3.312200607450651
-0.6021928213051, 1.753464417170429, 0.0, 35.86208245833555
1.6253593913239772, 2.9987438007512424, 0.0, 0.5952276150974252
2.5060878719591564, 1.1354491380950131, 0.0, 4.542405797108726
2.745232338901239, 0.1792345615560067, 0.0, 4.545349194928107
-0.07704947693035225, 2.5681856832378056, 0.0, 7.371050282181028
1.8418631433395074, 0.3680691958106852, 0.0, 34.27272953643375
2.632593580170435, 1.1530036182520202, 0.0, 3.216629960967903
0.4618269371393424, 1.1823925308841412, 0.0, 89.35786461712048
-2.7334248856665786, -1.6511186229275194, 0.0, 1.2206887031753233
1.1932751397450359, -0.38406564115286823, 0.0, 91.15956008539099
-0.9297532145975613, -2.0281573498946077, 0.0, 16.599718353385335
-2.6342315015749276, -0.12373716838486448, 0.0, 6.1784913354082125
-1.0896017607240092, 0.8618676802531136, 0.0, 76.19481524162342
2.4541605569215434, 1.5409615737408586, 0.0, 3.0029167342681786
2.0482832344626978, 0.24066608846099946, 0.0, 23.846207241861674
-1.940203058612993, 2.674908585491041, 0.0, 0.8509137063924574
-1.7370817526707376, -2.170141729077401, 0.0, 4.198944972354857
-0.6855143048403969, 2.4493005211764123, 0.0, 7.875966552142133
-1.8776907538138736, -2.0017080438914148, 0.0, 4.62760074692518
0.5896802221476687, -2.329937859327561, 0.0, 11.135639941033638
-2.5119858492168965, -1.2875576666621422, 0.0, 3.722436923325872
-0.6658531573050603, 1.3655499756245595, 0.0, 63.07180158002913
2.1194096861677787, 0.2422108576105959, 0.0, 20.553589718754143
2.0149185648507544, 1.881478664259257, 0.0, 4.474470286670197
0.4760296066682632, 1.8848112078196353, 0.0, 30.22769716580348
-1.1029244992185003, -0.7868174508737193, 0.0, 79.88237902258624
-0.550214737726173, -0.3577040375467391, 0.0, 161.2527723673465
-2.0109199188776383, -1.7834146590896975, 0.0, 5.398569350362161
-2.7923409382979694, 0.7014402669895796, 0.0, 3.1699765317344406
2.7251315070766005, 1.7185873224715023, 0.0, 1.1144659355980342
0.9820765238383751, 1.6313453960658801, 0.0, 32.63666392127892
1.2143033659847857, 2.884264503122578, 0.0, 1.4941540177201151
-0.9839990055135655, -2.1504012358068367, 0.0, 12.207830714062291
2.2682922974502757, -2.098387872755662, 0.0, 1.6889829802392022
-2.547138688632235, 0.8599000491574786, 0.0, 5.390540023085099
-1.434541812577738, 0.8451092842832484, 0.0, 50.01172156934256
-2.5676893783649795, 0.6264667686644136, 0.0, 6.083454375734495
0.8759171639577055, 2.296433465977201, 0.0, 9.756157222196833
-2.9840238616133523, -0.051926280411317194, 0.0, 2.327442427070047
0.09409526598269391, 2.267888074532995, 0.0, 15.214246333819592
2.092815849050597, 0.8887609558225584, 0.0, 15.080918349477516
-0.15883098637445947, 2.535494745628532, 0.0, 7.935425080594054
-0.7916325899682528, -2.0037489508264628, 0.0, 19.638096110216345
-1.3741887332424843, 0.3316256644001516, 0.0, 73.63586760509526
-2.1338957935500398, -1.7961123988930037, 0.0, 4.090028192055952
1.4179508368492018, 0.7721413082538477, 0.0, 54.321710861466634
-0.7064867895654956, 2.784357224604335, 0.0, 3.2298412826525853
2.6530072745557405, 0.5043014037798903, 0.0, 5.217057857673846
-2.762594598923925, -1.6069551580089458, 0.0, 1.210702134331448
0.7444932400261708, -0.6800893234042773, 0.0, 120.29192903588533
-1.5161653917869495, 1.297761340592964, 0.0, 27.298898963027863
2.8498885120038073, -1.0789544235314652, 0.0, 1.9257466777806245
2.9248153074313645, -0.8019438708431599, 0.0, 2.0127221096497614
-2.600418833694439, 1.9631449377285017, 0.0, 0.9903065750414547
1.7757606173074834, -2.53031459538131, 0.0, 1.6827149080439554
2.3928389998053543, 2.620497803765236, 0.0, 0.36860626294704685
-1.9203412084283706, 0.5282038753461418, 0.0, 27.521362497285377
-1.6385351041067782, -1.5524953329963234, 0.0, 15.655117234266566
2.8621593367882996, 2.2684031041985913, 0.0, 0.253983242232396
2.3785088512572816, 2.621758566690355, 0.0, 0.3801673219651117
2.073208523746141, 0.33140486520562007, 0.0, 22.0719149308188
-0.6860539543958577, 1.555129607451378, 0.0, 47.17048147112038
1.843084656097279, 1.2673013858604616, 0.0, 16.392279150578577
-2.6941820487715464, 1.7005354957196017, 0.0, 1.2499435927368094
-2.734689561751452, -1.0872915104157999, 0.0, 2.632548669148322
-1.0404414963199782, -2.5823089426654384, 0.0, 4.1491287615664305
1.089310628571143, -1.7521529137479588, 0.0, 23.80745167380505
-2.0515515193889415, -2.041540845376608, 0.0, 3.034179483391912
2.723420617953546, 1.311054474325915, 0.0, 2.0758599842768866
0.14374920808243186, 2.7832121629321716, 0.0, 4.115871003359772
2.616123175084108, -0.5539999652037988, 0.0, 5.600238310147071
-2.0568583605050312, -1.1734432582768273, 0.0, 12.11567015360691
1.2784414686289125, 0.9880852793058987, 0.0, 54.214847638626274
-2.1168943350293534, -0.8137535893891918, 0.0, 15.280829999260368
-2.7713277168870665, -1.8961149436115932, 0.0, 0.7121709982394285
-0.27185162769280335, -0.9194211354870969, 0.0, 126.30480849189574
0.9819483860254441, -2.5807694064111293, 0.0, 4.419474004959107
0.8389680676517237, -2.1205373318310743, 0.0, 14.850660901854607
-0.8043772259082442, -0.7287576757194074, 0.0, 110.97024816200761
-0.5646241792408899, 0.5894274014665402, 0.0, 143.33790342282776
2.2905734893408356, 0.06598975930720563, 0.0, 14.480118742108427
-0.022154219525106544, -1.5710581805596242, 0.0, 58.2043479199294
-1.7027340078436581, 0.5907005271726833, 0.0, 39.41719961156498
0.23528564109235273, -0.3315223129200868, 0.0, 184.1377609180356
-2.0369966872699257, -2.333550742743915, 0.0, 1.6502224220884998
-1.8207947035093406, -2.4680805374082038, 0.0, 1.8129582816184049
1.7325957112103652, 2.8603809870998385, 0.0, 0.7456370849974984
0.5106016431502249, -0.6611321827766616, 0.0, 141.09204319235954
-0.4680635562757094, -0.1201028515911986, 0.0, 177.96079490875087
-2.7573868966938693, -1.5636988152005344, 0.0, 1.3154109485191485
-1.7814468694261119, 1.5052653228145054, 0.0, 13.179057889653093
-1.1763406422272986, 2.7622658120216386, 0.0, 2.2064226754691156
-0.30193989334884996, 1.1420009932119113, 0.0, 99.54903956530464
-2.6172183276579046, -2.5153576972005434, 0.0, 0.2752403141725098
-0.3258907887346103, -0.689067002860404, 0.0, 149.57654915112164
0.0023603965115230885, -1.3563038930306683, 0.0, 79.72111292627437
1.9555591860078945, 0.34129198586451537, 0.0, 27.881723200575554
-1.1727778228588353, -0.37457412176835536, 0.0, 93.73396116464087
-0.33277136717746014, -1.2398015290485245, 0.0, 87.74150595489675
2.0493668869891843, 2.7702005425189817, 0.0, 0.5280097787528846
-1.06910638571964, -2.1380052547844826, 0.0, 11.487849364655185
-2.959928598216589, 2.2292746962171046, 0.0, 0.2086485289445401
-1.8505133836015577, 0.8726145110242687, 0.0, 24.665103543715436
0.21301155571253716, 2.234350947910573, 0.0, 16.11045315991044
-2.3647236926801316, -1.0887245324420531, 0.0, 6.751047927924785
0.4120181143345456, 0.33644151341047923, 0.0, 173.61521758864072
-1.6187731008060513, -2.393783292739256, 0.0, 3.0740778321637476
-2.0501136286779116, 2.32410919838952, 0.0, 1.6422916898546198
1.3333002397801215, 2.9977581992475164, 0.0, 0.9196110144502883
-1.065767422998778, -0.523427656070778, 0.0, 98.82978342687748
-2.021940672578166, -2.7809607020133194, 0.0, 0.5418988664406627
-2.0322487658872777, 1.7099040901063614, 0.0, 5.879159706506454
2.1321844460790613, -1.3375396258478556, 0.0, 8.420809679911468
0.13232499389936558, -0.5036213911334348, 0.0, 174.64322204997055
-0.5159784428554071, -0.7875534277106349, 0.0, 128.39099919263253
0.10869897474984036, -2.7228960144350483, 0.0, 4.8808934165924915
-0.8979739286865804, 2.588406785623304, 0.0, 4.688974652318258
-1.0687195839950685, 2.8246299402661093, 0.0, 2.091683914343213
2.0280330057193394, 0.6092574614215582, 0.0, 21.247964515053354
0.25523507612587437, 0.5491628684949239, 0.0, 166.4932830290327
-1.6135870201990647, -0.9957205200961199, 0.0, 33.14050179648687
2.9171747095586626, 1.574594769646314, 0.0, 0.8217565293578666
-1.0963433854590812, -2.174734333866652, 0.0, 10.304680872863708
0.7264413407977548, -2.0193668820955426, 0.0, 19.996105977772228
1.318699758098373, -0.7742992593219244, 0.0, 62.11970000895404
-1.1246515108719586, 2.3618985191142627, 0.0, 6.531355804707344
0.7093608160692177, -0.7967644309415274, 0.0, 113.21675912904135
0.3406431345220451, 2.8848554740796226, 0.0, 2.942039183748968
-0.687546604947733, 2.7776295188853197, 0.0, 3.334571973887491
0.4188206303826907, -2.9509609617845936, 0.0, 2.354966982835315
2.3941383375239687, -0.04403063255237383, 0.0, 11.37478232790469
0.041665620821902394, -0.8286513303373546, 0.0, 141.75749853603935
-0.8804635449237566, -1.8076543143116997, 0.0, 26.493575762691307
-2.78743527069806, 1.919281759027605, 0.0, 0.6515497240721692
-0.9465368026634575, 2.6667417729278755, 0.0, 3.6495196836351695
0.8722295792638928, 1.6159339137382691, 0.0, 37.051318579231896
-0.4948261581978928, 2.4020396929987005, 0.0, 9.884753897566597
0.021306508017252312, 1.529791958322769, 0.0, 62.05112642751336
-0.13521973467163528, 1.7676896480306414, 0.0, 41.54643977653675
1.339561587854087, 1.1566640023847947, 0.0, 41.76960556798059
-2.634043358613148, -1.8832805071633663, 0.0, 1.0574416199467245
2.8701612064465944, 0.20354027240857153, 0.0, 3.1857583775657554
0.5785354426764213, 2.0696168992144344, 0.0, 19.871939923529034
-0.7900459571936675, 0.8446610012735452, 0.0, 102.4633276742742
1.7300657006912665, 1.8758389441091632, 0.0, 7.708840830824591
2.0286214971979373, -2.9151833714643636, 0.0, 0.3647721862467084
2.2858249410760862, -0.6939040944062738, 0.0, 11.531334738481425
0.4617823683190405, 2.846001313959249, 0.0, 3.1325085874030814
-2.689374420795371, 2.7864115653109494, 0.0, 0.1107926628401874
-1.4287513649005714, 2.6806115928051852, 0.0, 1.9834006657972445
-1.139443815225658, 1.0680539417330204, 0.0, 59.07345392240768
1.4259434730442475, 0.7747199964040945, 0.0, 53.600823725681266
0.1493313226365638, 0.5048845891939138, 0.0, 174.11451595078108
-0.5886600045780135, 1.7386217004952922, 0.0, 37.10138711046038
-0.018320716447294494, -2.791125168021801, 0.0, 4.067219882259314
1.3913676779414192, 0.7477945137835058, 0.0, 57.441500167183854
-2.5944562378629916, -2.312309721739923, 0.0, 0.47679323905228516
-2.8636650621340456, 1.6612200471241811, 0.0, 0.8337702034856157
2.3019059316934554, 0.6937338482998046, 0.0, 11.115033720856985
-0.9728962900290163, -2.6207438992292262, 0.0, 4.018483040469637
0.9709049073774554, 2.7617853868489135, 0.0, 2.754566101979851
0.31861205681229343, 1.2288994290425395, 0.0, 89.34127988511344
-1.6978060980673366, -0.72621716121049, 0.0, 36.35562402113064
2.1114686526981243, 2.604557099257323, 0.0, 0.7241972993831075
-2.0106566937805526, 0.6781341107333043, 0.0, 21.052393525855354
-1.6095355464263923, 1.3313910400250704, 0.0, 22.57208527958263
-1.6888259489710384, -0.7218396386946813, 0.0, 37.0298591628882
2.50634195297037, -1.501680227554752, 0.0, 2.8008434977857615
-0.9631574198167212, 0.5324449475962423, 0.0, 109.15102216918055
-0.10176748686708059, -1.3948159452303757, 0.0, 75.21745326539805
2.2880875147642055, 1.7671854977022097, 0.0, 3.062320118390276
-1.5453834731153515, 2.8031356709291604, 0.0, 1.191755621663029
-1.5694549795279287, 0.46693302800159664, 0.0, 52.337319043453654
-0.574772724941683, 2.463978455438319, 0.0, 8.146110788155832
0.27859917116538835, -0.11855030889329132, 0.0, 191.03975153113646
2.2645207786334884, 2.663831726516338, 0.0, 0.4432109019979023
-2.969692778887394, -2.260125648440571, 0.0, 0.18913311355411808
-2.5044333060829436, -1.5088065134248225, 0.0, 2.784242174797322
2.32277786347123, 2.6364873711279424, 0.0, 0.4169187317665194
-0.19926602792400372, 2.185321848975165, 0.0, 18.00497484164506
0.8332468459319786, -0.5348761540976303, 0.0, 122.50121683827328
0.7544693554334625, -0.8781008607923213, 0.0, 102.32712624998261
-0.9750614558094512, -0.4085904451033402, 0.0, 114.37378142491559
0.31058825078284924, 2.624464016507215, 0.0, 6.087144868084175
-0.84650715961951, 2.9359116574488757, 0.0, 1.8780641722555595
0.26815300634373695, 2.0883223962217707, 0.0, 21.798019866588657
0.1520332138455327, 2.7429779339352818, 0.0, 4.594207838166743
-1.9301845918633334, 2.017685681653637, 0.0, 4.05513237630685
1.9823831834676646, 2.517054126704597, 0.0, 1.1801187690148378
-1.995961107200898, 0.4715264549734508, 0.0, 24.415505381940488
1.4738869540841266, 2.637947226040091, 0.0, 2.0808224124169494
-1.0074870986846802, -2.2334333559308615, 0.0, 9.941222110443777
-1.0330291665858466, 2.3093228608176375, 0.0, 8.151946224462733
2.594896786098248, -2.2115072476851863, 0.0, 0.5982123713829417
-2.839423059895412, -1.107172029402795, 0.0, 1.9236814243407354
-1.8503535301400107, 1.9150343214912526, 0.0, 5.770363328331153
-1.2175654328869465, 2.0468715691346766, 0.0, 11.731094482768778
0.9751409305161989, -0.44282654712375535, 0.0, 112.71018323181272
0.9532107451214595, -2.7193592345531314, 0.0, 3.147330650263814
2.482904686535078, -1.4026970344420202, 0.0, 3.428524659165593
2.370247033752104, 0.4218192132111849, 0.0, 11.02666181756183
-2.8364680701707945, -0.9764485872634285, 0.0, 2.2229071988726874
1.4950415268572792, 2.389295680167976, 0.0, 3.7673651556047747
2.338638933009414, -2.4554011803102584, 0.0, 0.6371207116800862
-2.5346059892072907, -1.04495360094498, 0.0, 4.665708004427667
0.8460974237840304, -1.885687641975972, 0.0, 23.62883999707938
1.2100291645144505, -1.4935700720771894, 0.0, 31.527377550897214
0.9029841198967454, -1.3582476291567103, 0.0, 52.88971492485227
-0.1096931017538969, 1.5198508065289333, 0.0, 62.635226357809785
-1.1371648131929306, 0.6655097517982913, 0.0, 83.95608340304835
-1.9607974485191233, 2.6145614922471605, 0.0, 0.9588584191045622
2.893923460898038, 0.9579159637611188, 0.0, 1.9196048757207949
2.860929403363423, 2.0121316935490157, 0.0, 0.441102442294697
2.273145122442732, 0.3648421184982982, 0.0, 14.128133695714554
2.57842002549517, -1.290159878177706, 0.0, 3.132828269346117
-1.4625832893295414, 1.536328140065569, 0.0, 21.085600156332674
1.227417185863775, 1.666424603337889, 0.0, 23.489544638911138
-2.0850177273641153, 0.47119264439982533, 0.0, 20.361719659613524
2.0687999877618246, -2.9528752196825456, 0.0, 0.3007772385025969
1.3604459049739228, 2.3023842381349313, 0.0, 5.598083160410931
-0.06684981740762819, -0.28918993073240307, 0.0, 191.3812495498776
-2.0104806968082345, 2.9408974836894473, 0.0, 0.35094072151318856
0.3305287416333602, 2.3364398078809003, 0.0, 12.356932654259781
-2.6649242542668494, 1.6318838697588811, 0.0, 1.5157104059423423
2.136403201524997, 0.12582438765144177, 0.0, 20.252781832074486
1.4639184613388245, 1.4428844631701878, 0.0, 24.187378530795144
2.7788195085376612, 2.89401405708076, 0.0, 0.06391122644867617
0.5356884773110311, -1.0730025359005952, 0.0, 97.43340053434311
2.946433067384014, -0.7902388333369048, 0.0, 1.9066442304430564
1.842752606508137, 2.467522437635041, 0.0, 1.7438848414632981
-0.4184346346786256, -2.978455859744402, 0.0, 2.1709697140658393
-2.0315760826347757, 0.6465092748610344, 0.0, 20.60800423738839
2.983280673281593, -2.037664489694031, 0.0, 0.29296483110732424
1.0617372931756819, 2.368412339899307, 0.0, 6.889412554491446
1.1437654483228137, -2.087622871690028, 0.0, 11.76504725749406
1.4512659367497642, -2.3455644634630426, 0.0, 4.456637824937495
1.254021973017994, -2.699193054659955, 0.0, 2.3850265085625035
1.6267839965190634, 1.9950182920880613, 0.0, 7.27944984054907
2.993479037506673, 1.4845448419039196, 0.0, 0.7527081560620162
-1.8045354847384574, -1.460252592929577, 0.0, 13.517354672180137
-0.60172544196943, 1.040411585517269, 0.0, 97.13021288373218
2.3994324446182773, -1.6815386518295137, 0.0, 2.734348556103357
0.3073749123097338, 1.46041906071782, 0.0, 65.67154861749776
2.5108839721469867, 1.5872092167374774, 0.0, 2.4264557581365422
-1.3491405100647846, -0.07483721946090327, 0.0, 80.27249256245462
-0.4065889455753977, 0.6981918561616607, 0.0, 144.30428309404593
-1.8412010728538268, -0.8514360146727316, 0.0, 25.555052015923003
1.1046327047377513, 1.313449328398626, 0.0, 45.86196348265935
2.7220084876122224, 0.4110520746881683, 0.0, 4.5229767911132885
2.406091748316461, 0.15382429459415947, 0.0, 10.933676999248258
-1.9050992328592637, 1.5088980300586945, 0.0, 10.435664208271376
-0.2751511555224484, 2.267882308013861, 0.0, 14.714276395435869
2.5399884684446548, 2.25612461821291, 0.0, 0.6234401618611185
1.2868630665495555, -1.3699979244171727, 0.0, 34.18756337983743
1.1188899582064478, 1.8804319592327436, 0.0, 18.25333532032446
-2.9832762704379685, 1.5985103271583698, 0.0, 0.6509848432210885
-0.6466274791692475, -0.622116429277872, 0.0, 133.71884075947065
-2.9942225564006586, -2.9760648006495742, 0.0, 0.02697491710390314
-0.2623743060609378, -0.984600569718955, 0.0, 119.00649689316423
0.6862576404489538, -2.768869184792053, 0.0, 3.419602481246617
-1.9312364821062478, -0.14698653928377414, 0.0, 30.651379522917367
0.3777096546189762, -2.5168953889417027, 0.0, 7.842862445051288
1.7753849525172924, 1.7246867047700194, 0.0, 9.34694345764379
2.891752182534, -0.6288169108641597, 0.0, 2.5080277072527357
0.5300927038184446, -0.03760152671599215, 0.0, 173.66207128800727
-0.7455161152768603, 1.1034996641336576, 0.0, 82.39827260035307
-1.7141586246283755, 0.9227249934270745, 0.0, 30.06725676705557
1.617975435819539, 2.6422874323800345, 0.0, 1.6463384049421115
2.4568687157244593, -0.5222375114036648, 0.0, 8.532218538269527
-2.9073858710802414, 0.6356668910473511, 0.0, 2.386516727559321
2.4137161505431557, -1.9690678151426644, 0.0, 1.5631304488858355
-1.8496425708623934, 1.159589710498639, 0.0, 18.456274578528593
1.7302173684508624, -2.4781413630469267, 0.0, 2.0769469187633565
1.561073102953607, 1.2339189671122632, 0.0, 27.620679280397336
1.3783225139322282, 2.9707162657798616, 0.0, 0.9378674272278469
1.3500103713898408, -0.4685402519571924, 0.0, 72.04481682445271
0.7255211420556429, 0.37043199680910943, 0.0, 143.52611010981326
-0.6557374110489231, 0.9801113593239164, 0.0, 99.78445923318503
1.118304832091491, 0.18363760565681497, 0.0, 105.23049478736625
2.377705148789472, 1.297296518161164, 0.0, 5.1043205678023815
2.400445401698488, 2.9137954598039606, 0.0, 0.16075823516942744
2.7190012889491886, -0.7362834164163576, 0.0, 3.7839813678563767
0.6484311171088328, -0.9599367683839652, 0.0, 102.24241488145324
-0.6946635817406364, -0.23521939234028721, 0.0, 152.8373890267026
-1.2288382046558322, 0.30178881486419584, 0.0, 89.81549006141701
-0.952500600303706, 0.7264351706318939, 0.0, 97.59581771235666
-2.1426282671138352, 1.2788073344481505, 0.0, 8.892563109147112
-0.2504809888285582, -0.2537581700281102, 0.0, 187.68225486348723
-1.9939424643871388, -2.3910742312180444, 0.0, 1.5711315642439772
1.2578253104931179, -1.2508774081208893, 0.0, 41.46741614109787
2.2816721265752866, -0.7933267856186506, 0.0, 10.811602094891972
1.7847930695302363, -1.5279421813280927, 0.0, 12.657761208228212
-0.3769880476198093, -2.056324665513587, 0.0, 22.48889895147847
2.79159393730996, 0.4965069716947852, 0.0, 3.591462225274626
-0.4415645535741848, -1.4457710549421054, 0.0, 63.79665550386986
2.530345563193518, -2.8940888349095317, 0.0, 0.12357808441816917
1.4375692743219988, -2.5723595603472207, 0.0, 2.602565797103586
0.7386422492131799, 1.821411604882604, 0.0, 28.98420606518753
-0.5517390432960028, 2.4606166477981883, 0.0, 8.321081520989637
2.759216669164079, 0.8971099428472371, 0.0, 2.972121263694861
1.2277106061774035, 2.6519949442176127, 0.0, 2.7958665887949583
-0.7412931006058683, 2.241479593656152, 0.0, 12.322714315513625
-1.8687690489327742, -2.0570633797343514, 0.0, 4.20558588089223
2.210683208466639, -1.7480938511315556, 0.0, 3.769118619770083
2.145491798552606, 2.232552527377673, 0.0, 1.6563302194585738
-1.931168331247195, -1.132002967229973, 0.0, 16.3282452537203
0.44105108729032816, -2.963790604128568, 0.0, 2.245721753269959
-2.460993541600377, -2.798637260389148, 0.0, 0.19279795629904042
-1.5520590591464616, 1.1650215925769771, 0.0, 30.42413017841304
-1.8797558250227926, -2.555844276284061, 0.0, 1.3039608021966032
2.6098608907951206, 1.6710917766949, 0.0, 1.6427251980012638
-1.9851353111167958, -2.581607197542172, 0.0, 0.9955981204230451
-1.6084630826485382, 1.6299403751941846, 0.0, 14.532504192466552
1.5360932807702232, -2.3012758591299547, 0.0, 4.351805398027779
0.820101336412157, -2.785888787814498, 0.0, 2.9489409223521035
-2.6733448045592154, 2.1763682140229434, 0.0, 0.525524663174783
2.6976484593065617, 1.7974973976814415, 0.0, 1.0451551196035926
-1.8119555404912444, -1.7751376989064849, 0.0, 8.013831619103
-1.9389357569721422, 1.1008490199282264, 0.0, 16.653945401005927
-1.1748698356824694, -0.023059091469242787, 0.0, 100.27254616479657
2.2447405945711125, -0.9503491152614387, 0.0, 10.250284667637422
1.9997403470956652, -0.19779814911585447, 0.0, 26.556501219836438
2.449820177678511, -2.240676336564957, 0.0, 0.8083118778043176
-1.9339463758095734, -2.4643617194926444, 0.0, 1.4794993182259129
-0.6389290338126403, -0.2853956167525076, 0.0, 156.56588039523234
-0.036110861595340715, 2.0190150902822968, 0.0, 26.03532844340617
0.051272998364825906, -0.4832186240791714, 0.0, 177.7277325825762
1.947571618767638, -0.8566659230438516, 0.0, 20.79809736280189
-0.872522366204759, -1.4864669767953174, 0.0, 45.2805549703778
-1.1814982125654587, -2.0489779417466196, 0.0, 12.197036964981168
-1.3518478976217592, 1.0542676653774885, 0.0, 46.00871533123458
1.0694118850282752, 1.3645381947110504, 0.0, 44.50111451838477
-0.16363871787678974, 0.05618165992011459, 0.0, 197.02888888994096
-0.28208942343271737, 0.20120046133841107, 0.0, 188.34762646258986
2.5795684963331516, 1.8073880455275528, 0.0, 1.4020069970355662
0.6683063140435799, -2.428791215509615, 0.0, 8.376978742658745
1.1306316234769378, 0.643488417717482, 0.0, 85.80821610224085
2.3997835559745706, 0.8069620782231368, 0.0, 8.111176382521327
-2.4503317239392235, -0.27001201725920954, 0.0, 9.581185609486798
-0.4138487366393546, -2.681177275054887, 0.0, 5.0446394679124005
1.450908461598008, -2.764812323202074, 0.0, 1.527536173539293
1.9845431710465782, -0.8524886428452634, 0.0, 19.409121278787918
-2.7402171468594143, -2.320750687243326, 0.0, 0.31694737904309256
1.4141198545120162, 2.4566397761110315, 0.0, 3.5999155624070522
0.3533894291185402, 0.8242808626701943, 0.0, 133.77454085316884
-2.7002276654823634, -0.6051274156938513, 0.0, 4.347552526688013
1.3927538851653543, 1.5902017080833328, 0.0, 21.41442880454186
-0.8954162726240549, 0.10074293796857559, 0.0, 133.26740133245585
0.9209511328379527, -1.8674296979151066, 0.0, 22.887594380966384
-0.8850834541780248, 0.5581491588446554, 0.0, 115.68439661163966
0.39848581996930843, 0.8994202746146547, 0.0, 123.27818606944278
1.5641978338527611, 0.8583657824531112, 0.0, 40.71367481634854
-1.0860394859597495, -1.3015837694705947, 0.0, 47.53737907840462
1.7936278979534865, -2.0777480633892895, 0.0, 4.623945481329
2.311236364938547, -1.4550272770877275, 0.0, 4.801164106541315
-2.604014358581233, 1.3183301366693145, 0.0, 2.8260353755576126
0.8830036700281041, -0.7241820466623476, 0.0, 104.19350627425035
2.45855340935746, 1.0926448684800807, 0.0, 5.360935690168083
-0.09518208590924138, -1.4067790167696277, 0.0, 74.01545707600368
-2.623298538675252, 0.13251297532780537, 0.0, 6.351493046659089
-0.39551178295096934, -1.3794925953825667, 0.0, 71.42176615255778
-1.8379669949325717, 0.6890147764029293, 0.0, 29.133401921238022
1.50618051366202, -2.2589613628634635, 0.0, 5.015706441647043
-2.444674230407176, 2.3589279629817312, 0.0, 0.6236479533595698
-1.6047505362006806, -2.304052376615558, 0.0, 3.8821011778423022
-2.6196076790639453, -2.6442085222886256, 0.0, 0.19616989495326603
-2.8806846773471024, -1.2259203011102564, 0.0, 1.488404839643741
-0.5417678602413734, -2.408968224112665, 0.0, 9.487709336774717
0.7263900886046359, -2.3692883021379605, 0.0, 9.27880305013361
0.3364795040656432, 1.264346694004364, 0.0, 84.98050327118142
0.4706457197295424, 1.59135774880765, 0.0, 50.4687295397741
-0.46863946571970727, 2.377594144195598, 0.0, 10.612461617192722
2.781557691425987, 0.6741211857441134, 0.0, 3.328647564294606
0.2644346344895885, 1.3425151482700182, 0.0, 78.42800474244763
-0.868695368717646, 0.43673085326080674, 0.0, 124.66555924398608
0.9176170805158446, -2.680116737600548, 0.0, 3.6175389614590316
1.7914782665520157, -2.329255649025076, 0.0, 2.6668666328693256
-0.20445013973933657, -0.5478742864616741, 0.0, 168.5671724394957
-1.896528894185659, 2.621348243476164, 0.0, 1.0662769942687695
-1.2354331567776247, -0.3053055678933281, 0.0, 88.9935663771399
-0.4979506189773062, 0.7683423540129599, 0.0, 131.52079428917972
2.3743583564529613, -0.3645809511768823, 0.0, 11.168182968166155
2.2963028696969605, -0.7811179511620496, 0.0, 10.556494944482688
2.2742892487180066, -2.247862051879893, 0.0, 1.2040365107740802
1.743776841841532, 2.3510041540772466, 0.0, 2.7575104539418533
0.7732364198047978, -2.8016165162484974, 0.0, 2.92953156269348
2.809224818779234, 0.20168131108307374, 0.0, 3.7890209065050224
-0.6506622453188728, 2.4999175381037126, 0.0, 7.112422045255225
-0.9949244769141803, 2.529810774301187, 0.0, 4.969944794405602
0.7739493597344334, -1.01491930481507, 0.0, 88.56953619260504
2.531975575205518, 1.7078868180784461, 0.0, 1.8859440506314167
-2.5018538340752636, 1.2122716583388353, 0.0, 4.194943100599464
1.4772965527866901, -0.4944048391315041, 0.0, 59.43580019064324
-1.8842847819402453, 1.3084778374130384, 0.0, 14.396651881545028
1.3941643358768587, -1.3989233947594502, 0.0, 28.44512909585728
-1.9124492778117383, -2.580501315786641, 0.0, 1.1503804641579534
-0.4576530643359602, -2.8996771553519816, 0.0, 2.689970966048313
-2.578076612816397, 2.698147976928915, 0.0, 0.18920515112226416
-0.8955192989590604, 0.12089782742648625, 0.0, 132.95780427661805
0.22995518228273593, 0.4207303868144221, 0.0, 178.28272705339182
1.1867434867751019, -0.7241438734856684, 0.0, 76.09215260929157
2.195658972383618, -0.318217601850153, 0.0, 17.068368991180286
1.0862737368906874, -1.609618849759639, 0.0, 30.352704686781728
0.20141288739026075, 2.212702575233526, 0.0, 16.945587030093343
-0.43944527574989856, 2.291458965851154, 0.0, 13.149308810047419
1.3055689801711843, 2.6656091289146584, 0.0, 2.44324279545772
-2.413314340196249, -0.5702349305823216, 0.0, 9.241372154720914
-0.8646399097503319, 1.4935657415400394, 0.0, 45.111940502977326
1.3229789106653378, -2.875248172411427, 0.0, 1.3359661541023051
-1.1475993741426835, -2.144015805043944, 0.0, 10.396022890596463
0.6572803217070149, 2.542610569517338, 0.0, 6.359020790787581
2.5583049200741437, 0.40842901285280586, 0.0, 6.975808292622296
-0.6566282190331743, 2.577332911670714, 0.0, 5.820665421170268
0.37439299820871064, 2.904869202031218, 0.0, 2.743130448068581
2.2748231412386852, -0.6495300361002219, 0.0, 12.182037986922387
1.3845484144155806, 2.1883672555564813, 0.0, 6.996112152833492
1.8590109067761897, -2.6699199523056847, 0.0, 1.0061390823269785
-0.6363534289704891, -0.07222723692704713, 0.0, 162.91622903370487
0.6475102319185178, 1.0730245608991753, 0.0, 91.19424227903632
-0.35527153275793744, -2.241519630548332, 0.0, 15.225981966384442
1.4644001425201685, 1.1128757007646026, 0.0, 36.84932552330291
0.3501001380139508, 2.18059323623375, 0.0, 17.453476973139708
-0.9053710719688013, -0.17144637101162763, 0.0, 130.81342200851188
-1.4698673298589016, 1.9824953121276874, 0.0, 9.515466729832688
2.93765634572296, -0.7805485094512257, 0.0, 1.9714651079645034
0.18030775986223757, 0.6106411424364593, 0.0, 163.30516363095097
1.3470672578453735, 2.242939107569452, 0.0, 6.524956900086967
-0.7610177854496118, -2.791718297733067, 0.0, 3.0401224819265225
2.9233460759270677, -1.443591041289694, 0.0, 0.9835012988463985
-0.732038898630476, -2.319515389203984, 0.0, 10.38436252895567
-0.6967417072488535, 0.37000584579284723, 0.0, 146.51688829504963
-0.4068557673825617, 1.6067307887315803, 0.0, 50.64090480597191
-0.5916925054827407, 2.4799093272395103, 0.0, 7.754646564100154
1.7853088009662992, 2.745380136746477, 0.0, 0.9380965171914082
0.8531128455813803, 2.233662536391763, 0.0, 11.470659641677226
1.4280570259453471, -0.6464130345133006, 0.0, 58.54051193535889
-1.8061774913748092, 0.6346392555944274, 0.0, 32.00190105496543
-0.839102560903255, -0.6803002705286989, 0.0, 111.59392172677738
2.4167010130355013, 1.6211018861483897, 0.0, 2.8982578372823826
-1.0708351080728395, 0.7964430017634836, 0.0, 82.08971418923554
-1.1994613097918758, 0.11704515778829805, 0.0, 96.74840686119613
-1.883560357357192, 0.2783054468617685, 0.0, 32.64496380093277
-2.577833177379786, -1.4129349421787853, 0.0, 2.657837563000415
-0.5049838745205237, 0.7997172477704675, 0.0, 127.87320302650116
-1.9175395782082507, -0.31276941493037924, 0.0, 30.293282737081316
2.7971742435368583, -2.968734547971696, 0.0, 0.04877843761279452
-1.289952173971798, 1.4426324088584082, 0.0, 30.74523206508931
-0.4105879959555532, 0.5803526458764621, 0.0, 155.34081640040566
1.054363619276093, -0.4591070759391407, 0.0, 103.24309903075097
0.8087715765154186, 1.4068138972941941, 0.0, 53.60803503699457
2.513359247500203, -2.591641699569503, 0.0, 0.2956812282885277
-0.16142576997486424, 0.30226623570637745, 0.0, 188.59574110526242
-2.10635616922393, 0.12849417190068646, 0.0, 21.578422015836153
-1.0188159373903685, 1.213448968207845, 0.0, 57.00250476903004
1.7854438873409135, 2.8415730039522185, 0.0, 0.716873316657611
-1.0595244953178113, 2.604197239312283, 0.0, 3.8424095540221685
2.8407262318474817, 0.4916536955612538, 0.0, 3.134886364988447
-2.172237604077899, -0.8772493462814239, 0.0, 12.86134182681711
1.9325186239614212, 2.1232726349430804, 0.0, 3.2441712006708876
0.3111056663420486, -1.6515942000706572, 0.0, 48.717694355117416
0.2988587695424938, -1.4428782307230412, 0.0, 67.53934318865917
-0.4871826808329778, 0.05984321724717301, 0.0, 177.30178469142547
-0.8034516396010387, -1.7978086866881546, 0.0, 28.774571439436997
1.17399151944863, -1.2634014225108359, 0.0, 45.20002977053771
-2.290760340174378, -1.1324727616027994, 0.0, 7.639091027208282
0.7956002781056148, 2.7852100541789255, 0.0, 3.013583620953088
2.0647028139528825, 1.0195565700985743, 0.0, 14.112638053160953
0.5983085091302498, 2.6231254834096918, 0.0, 5.359856378364903
-0.0616638181385496, -2.904454768641157, 0.0, 2.9402288009448934
-1.011708265007732, 0.08708334200713441, 0.0, 119.43219513135035
1.8751078860506158, -0.6234016271840153, 0.0, 28.388603516356287
-2.714096022003133, 2.896034764992651, 0.0, 0.07589914026879183
-0.6815861539472872, 2.928687450001515, 0.0, 2.175878375944014
2.640595973096776, 0.10876971644370403, 0.0, 6.086227273121822
-2.9621815295329803, -1.7332891094494443, 0.0, 0.5537245550797258
2.873829029978909, 0.01939676632934928, 0.0, 3.217750788200544
1.6817560442548718, -0.07055151722322028, 0.0, 48.50548634507916
-0.5768705084423136, 2.29782320657373, 0.0, 12.084598981674876
-1.4645972185985887, -2.352716793803931, 0.0, 4.29802968226599
-1.203011002915971, 1.6572251516251129, 0.0, 24.569406441597742
1.1199984154731055, 2.607137822379576, 0.0, 3.5698919483891487
1.8281664405119162, 0.5333876052035391, 0.0, 32.62144619264676
-1.666883010355086, 0.27008963169189304, 0.0, 48.06689453619734
0.4987064420089773, 0.7385728707970958, 0.0, 134.45349351940615
-0.01648611541947531, -2.583698353377904, 0.0, 7.102400886562428
2.2537591627662357, -0.04951183622869504, 0.0, 15.75844597165319
0.6040600963026019, -0.32178336100928817, 0.0, 158.23809052783682
2.2527891883839803, 1.7499359036372972, 0.0, 3.420032211094068
-1.997051403550941, 2.570159799057201, 0.0, 1.0013504269972335
-2.3154922460760687, -0.4926488376669722, 0.0, 12.136455291251174
1.741860311040977, 2.54023984742318, 0.0, 1.7417135957358818
-2.7624176842862735, -1.215585427656762, 0.0, 2.1043732290015265
-1.3565984637304669, 1.9636303695070714, 0.0, 11.590844933373601
2.6599750714723385, 2.7213056057997527, 0.0, 0.14339267629859553
-2.925096487747238, 1.795944175182818, 0.0, 0.5529514335284075
-2.1224775175985773, 2.919428568810991, 0.0, 0.2965113966536629
2.063568371111951, -1.3077203609119257, 0.0, 10.115752721870493
-2.3202774708380542, -2.339814091862411, 0.0, 0.8773130484585292
-2.5831838151105253, 2.7085220441482853, 0.0, 0.18156387177175629
2.4677028739459956, 0.35064560047173554, 0.0, 8.953660659890234
-0.431313361330258, 2.6110550487454853, 0.0, 6.028495788202974
-1.1269864824519176, 2.832068385923817, 0.0, 1.9212238972835125
1.69444701908973, -0.40668958278328216, 0.0, 43.817961267479554
0.3742203069578016, -0.6537978414800332, 0.0, 150.59154003420966
0.385568695278355, -0.9374799213314176, 0.0, 119.6476837604913
-0.5062186079869462, -1.164674437644981, 0.0, 89.29588928320945
2.2768383095301044, -2.0521915044443606, 0.0, 1.823168711002248
-2.191254191753374, -1.0931783988168866, 0.0, 9.974186387533349
-0.19846230493358652, -2.560507494553903, 0.0, 7.392931998759035
0.09163665989539815, 0.17458563060773802, 0.0, 196.14980070517572
2.9587805601691057, 1.5725409865584723, 0.0, 0.7295579966411511
0.11783546082240459, -2.033333281649506, 0.0, 25.132269340130897
-1.4651856918650943, -0.8965352484440814, 0.0, 45.74328865401915
-1.2716817899342658, -2.2257262212580575, 0.0, 7.484254944655487
2.48698988188561, 2.8250818783983638, 0.0, 0.16783301040746615
-0.1342258051109253, 0.4613603089212921, 0.0, 178.1957055758236
1.5961164129975298, 1.055085565171722, 0.0, 32.06999281651505
-0.9400621910533782, -1.2553656234507837, 0.0, 58.4684610059751
2.1044865338340975, -0.8442570305933508, 0.0, 15.29461207091352
-1.3005538760962316, -0.4897524631069583, 0.0, 76.14720971200975
-2.1612112584674366, 0.6317971001919762, 0.0, 15.852330540649785
